"Station Name","VANCOUVER INTL A"
"Province","BRITISH COLUMBIA"
"Latitude","49.19"
"Longitude","-123.18"
"Elevation","4.30"
"Climate Identifier","1108395"
"WMO Identifier","71892"
"TC Identifier","YVR"
"All times are specified in Local Standard Time (LST). Add 1 hour to adjust for Daylight Saving Time where and when it is observed."

"Legend"
"E","Estimated"
"M","Missing"
"NA","Not Available"
"‡","Partner data that is not subject to review by the National Climate Archives"

"Date/Time","Year","Month","Day","Time","Data Quality","Temp (°C)","Temp Flag","Dew Point Temp (°C)","Dew Point Temp Flag","Rel Hum (%)","Rel Hum Flag","Wind Dir (10s deg)","Wind Dir Flag","Wind Spd (km/h)","Wind Spd Flag","Visibility (km)","Visibility Flag","Stn Press (kPa)","Stn Press Flag","Hmdx","Hmdx Flag","Wind Chill","Wind Chill Flag","Weather"
"2016-09-01 00:00","2016","09","01","00:00","‡","15.2","","13.8","","91","","9","","15","","32.2","","101.32","","","","","","NA"
"2016-09-01 01:00","2016","09","01","01:00","‡","15.4","","13.6","","89","","9","","17","","32.2","","101.33","","","","","","Cloudy"
"2016-09-01 02:00","2016","09","01","02:00","‡","15.2","","13.4","","89","","11","","17","","32.2","","101.37","","","","","","NA"
"2016-09-01 03:00","2016","09","01","03:00","‡","14.0","","12.6","","91","","13","","10","","48.3","","101.37","","","","","","NA"
"2016-09-01 04:00","2016","09","01","04:00","‡","12.9","","12.3","","96","","3","","10","","48.3","","101.37","","","","","","Mainly Clear"
"2016-09-01 05:00","2016","09","01","05:00","‡","13.1","","12.5","","96","","8","","7","","48.3","","101.40","","","","","","NA"
"2016-09-01 06:00","2016","09","01","06:00","‡","12.7","","11.9","","95","","10","","9","","48.3","","101.45","","","","","","NA"
"2016-09-01 07:00","2016","09","01","07:00","‡","14.9","","12.3","","84","","11","","14","","32.2","","101.46","","","","","","Mostly Cloudy"
"2016-09-01 08:00","2016","09","01","08:00","‡","16.4","","12.6","","78","","9","","16","","24.1","","101.45","","","","","","NA"
"2016-09-01 09:00","2016","09","01","09:00","‡","16.7","","11.9","","73","","12","","15","","24.1","","101.47","","","","","","NA"
"2016-09-01 10:00","2016","09","01","10:00","‡","15.8","","12.8","","82","","12","","16","","24.1","","101.50","","","","","","Rain"
"2016-09-01 11:00","2016","09","01","11:00","‡","16.9","","12.3","","74","","13","","21","","24.1","","101.50","","","","","","NA"
"2016-09-01 12:00","2016","09","01","12:00","‡","18.5","","12.3","","67","","14","","19","","24.1","","101.49","","","","","","NA"
"2016-09-01 13:00","2016","09","01","13:00","‡","17.9","","11.8","","67","","15","","20","","24.1","","101.50","","","","","","Cloudy"
"2016-09-01 14:00","2016","09","01","14:00","‡","18.1","","11.5","","65","","13","","20","","24.1","","101.44","","","","","","NA"
"2016-09-01 15:00","2016","09","01","15:00","‡","18.0","","12.3","","69","","15","","22","","24.1","","101.41","","","","","","Rain Showers"
"2016-09-01 16:00","2016","09","01","16:00","‡","16.6","","13.0","","79","","18","","13","","24.1","","101.40","","","","","","Rain"
"2016-09-01 17:00","2016","09","01","17:00","‡","16.0","","13.3","","84","","18","","9","","24.1","","101.36","","","","","","Rain"
"2016-09-01 18:00","2016","09","01","18:00","‡","14.9","","12.4","","85","","19","","9","","19.3","","101.33","","","","","","Rain"
"2016-09-01 19:00","2016","09","01","19:00","‡","14.2","","12.4","","89","","11","","4","","24.1","","101.30","","","","","","Rain"
"2016-09-01 20:00","2016","09","01","20:00","‡","14.6","","12.7","","88","","7","","7","","24.1","","101.27","","","","","","Rain"
"2016-09-01 21:00","2016","09","01","21:00","‡","14.1","","12.5","","90","","4","","16","","24.1","","101.25","","","","","","Rain"
"2016-09-01 22:00","2016","09","01","22:00","‡","14.4","","11.9","","85","","6","","13","","24.1","","101.27","","","","","","Cloudy"
"2016-09-01 23:00","2016","09","01","23:00","‡","14.3","","12.0","","86","","6","","13","","24.1","","101.28","","","","","","NA"
"2016-09-02 00:00","2016","09","02","00:00","‡","14.1","","11.8","","86","","6","","11","","24.1","","101.25","","","","","","NA"
"2016-09-02 01:00","2016","09","02","01:00","‡","13.8","","12.0","","89","","8","","13","","19.3","","101.21","","","","","","Rain"
"2016-09-02 02:00","2016","09","02","02:00","‡","13.7","","11.9","","89","","8","","15","","24.1","","101.19","","","","","","Rain"
"2016-09-02 03:00","2016","09","02","03:00","‡","13.1","","11.8","","92","","9","","16","","6.4","","101.19","","","","","","Rain,Fog"
"2016-09-02 04:00","2016","09","02","04:00","‡","12.9","","12.1","","95","","8","","20","","16.1","","101.17","","","","","","Cloudy"
"2016-09-02 05:00","2016","09","02","05:00","‡","12.8","","11.7","","93","","9","","22","","19.3","","101.18","","","","","","Rain"
"2016-09-02 06:00","2016","09","02","06:00","‡","12.9","","12.0","","94","","10","","16","","12.9","","101.22","","","","","","Rain Showers"
"2016-09-02 07:00","2016","09","02","07:00","‡","13.3","","12.4","","94","","14","","13","","16.1","","101.28","","","","","","Cloudy"
"2016-09-02 08:00","2016","09","02","08:00","‡","14.0","","12.9","","93","","15","","11","","16.1","","101.30","","","","","","NA"
"2016-09-02 09:00","2016","09","02","09:00","‡","14.1","","12.8","","92","","14","","17","","12.9","","101.31","","","","","","Rain Showers"
"2016-09-02 10:00","2016","09","02","10:00","‡","15.0","","12.9","","87","","19","","11","","16.1","","101.33","","","","","","Cloudy"
"2016-09-02 11:00","2016","09","02","11:00","‡","15.0","","13.1","","88","","18","","18","","16.1","","101.36","","","","","","NA"
"2016-09-02 12:00","2016","09","02","12:00","‡","16.2","","12.4","","78","","19","","16","","24.1","","101.36","","","","","","NA"
"2016-09-02 13:00","2016","09","02","13:00","‡","17.1","","13.1","","77","","23","","13","","24.1","","101.39","","","","","","Mostly Cloudy"
"2016-09-02 14:00","2016","09","02","14:00","‡","17.8","","12.8","","72","","23","","14","","24.1","","101.40","","","","","","NA"
"2016-09-02 15:00","2016","09","02","15:00","‡","16.9","","12.1","","73","","24","","11","","32.2","","101.40","","","","","","NA"
"2016-09-02 16:00","2016","09","02","16:00","‡","16.3","","12.1","","76","","23","","10","","32.2","","101.40","","","","","","Mostly Cloudy"
"2016-09-02 17:00","2016","09","02","17:00","‡","16.1","","11.9","","76","","24","","9","","32.2","","101.42","","","","","","NA"
"2016-09-02 18:00","2016","09","02","18:00","‡","15.8","","11.8","","77","","22","","7","","32.2","","101.41","","","","","","NA"
"2016-09-02 19:00","2016","09","02","19:00","‡","15.7","","11.5","","76","","36","","2","","48.3","","101.42","","","","","","Mostly Cloudy"
"2016-09-02 20:00","2016","09","02","20:00","‡","15.7","","10.7","","72","","36","","2","","32.2","","101.45","","","","","","NA"
"2016-09-02 21:00","2016","09","02","21:00","‡","14.2","","11.6","","84","","36","","1","","32.2","","101.47","","","","","","NA"
"2016-09-02 22:00","2016","09","02","22:00","‡","13.6","","11.8","","89","","9","","11","","32.2","","101.48","","","","","","Mainly Clear"
"2016-09-02 23:00","2016","09","02","23:00","‡","13.9","","12.5","","91","","7","","9","","24.1","","101.48","","","","","","NA"
"2016-09-03 00:00","2016","09","03","00:00","‡","14.1","","12.7","","91","","10","","13","","24.1","","101.47","","","","","","NA"
"2016-09-03 01:00","2016","09","03","01:00","‡","13.5","","11.7","","89","","9","","14","","24.1","","101.47","","","","","","Mostly Cloudy"
"2016-09-03 02:00","2016","09","03","02:00","‡","12.6","","10.9","","89","","10","","12","","24.1","","101.47","","","","","","NA"
"2016-09-03 03:00","2016","09","03","03:00","‡","12.9","","11.2","","89","","9","","13","","24.1","","101.47","","","","","","NA"
"2016-09-03 04:00","2016","09","03","04:00","‡","13.1","","11.4","","89","","12","","12","","19.3","","101.47","","","","","","Cloudy"
"2016-09-03 05:00","2016","09","03","05:00","‡","12.8","","11.7","","93","","11","","10","","16.1","","101.47","","","","","","Rain"
"2016-09-03 06:00","2016","09","03","06:00","‡","12.5","","11.7","","95","","8","","9","","6.4","","101.51","","","","","","Moderate Rain Showers,Fog"
"2016-09-03 07:00","2016","09","03","07:00","‡","12.6","","11.8","","95","","8","","12","","16.1","","101.53","","","","","","Rain Showers"
"2016-09-03 08:00","2016","09","03","08:00","‡","13.1","","12.0","","93","","9","","11","","24.1","","101.58","","","","","","NA"
"2016-09-03 09:00","2016","09","03","09:00","‡","13.6","","12.0","","90","","9","","14","","19.3","","101.58","","","","","","NA"
"2016-09-03 10:00","2016","09","03","10:00","‡","15.1","","12.3","","83","","9","","10","","19.3","","101.59","","","","","","Mostly Cloudy"
"2016-09-03 11:00","2016","09","03","11:00","‡","16.1","","12.3","","78","","11","","12","","19.3","","101.61","","","","","","NA"
"2016-09-03 12:00","2016","09","03","12:00","‡","16.8","","11.8","","72","","19","","8","","24.1","","101.62","","","","","","NA"
"2016-09-03 13:00","2016","09","03","13:00","‡","16.9","","12.1","","73","","24","","12","","24.1","","101.59","","","","","","Mostly Cloudy"
"2016-09-03 14:00","2016","09","03","14:00","‡","16.5","","12.1","","75","","26","","13","","24.1","","101.55","","","","","","NA"
"2016-09-03 15:00","2016","09","03","15:00","‡","17.4","","12.6","","73","","24","","12","","32.2","","101.51","","","","","","NA"
"2016-09-03 16:00","2016","09","03","16:00","‡","17.0","","11.6","","70","","26","","14","","32.2","","101.50","","","","","","Mainly Clear"
"2016-09-03 17:00","2016","09","03","17:00","‡","17.0","","11.1","","68","","26","","9","","32.2","","101.46","","","","","","NA"
"2016-09-03 18:00","2016","09","03","18:00","‡","16.0","","11.0","","72","","23","","13","","32.2","","101.46","","","","","","NA"
"2016-09-03 19:00","2016","09","03","19:00","‡","13.9","","10.9","","82","","27","","5","","32.2","","101.48","","","","","","Mainly Clear"
"2016-09-03 20:00","2016","09","03","20:00","‡","13.7","","11.1","","84","","30","","4","","32.2","","101.50","","","","","","NA"
"2016-09-03 21:00","2016","09","03","21:00","‡","14.6","","11.4","","81","","2","","4","","32.2","","101.51","","","","","","NA"
"2016-09-03 22:00","2016","09","03","22:00","‡","13.8","","10.8","","82","","6","","3","","32.2","","101.52","","","","","","Mostly Cloudy"
"2016-09-03 23:00","2016","09","03","23:00","‡","13.8","","11.0","","83","","","","0","","32.2","","101.49","","","","","","NA"
"2016-09-04 00:00","2016","09","04","00:00","‡","13.6","","10.8","","83","","4","","3","","32.2","","101.51","","","","","","NA"
"2016-09-04 01:00","2016","09","04","01:00","‡","12.8","","10.5","","86","","8","","7","","32.2","","101.48","","","","","","Mostly Cloudy"
"2016-09-04 02:00","2016","09","04","02:00","‡","11.3","","10.1","","92","","0","","1","","32.2","","101.49","","","","","","NA"
"2016-09-04 03:00","2016","09","04","03:00","‡","11.9","","10.7","","92","","10","","5","","32.2","","101.51","","","","","","NA"
"2016-09-04 04:00","2016","09","04","04:00","‡","10.7","","9.6","","93","","2","","3","","32.2","","101.50","","","","","","Mainly Clear"
"2016-09-04 05:00","2016","09","04","05:00","‡","9.9","","9.3","","96","","0","","1","","32.2","","101.49","","","","","","NA"
"2016-09-04 06:00","2016","09","04","06:00","‡","12.0","","10.8","","92","","9","","8","","32.2","","101.52","","","","","","NA"
"2016-09-04 07:00","2016","09","04","07:00","‡","12.2","","10.8","","91","","11","","5","","32.2","","101.56","","","","","","Mostly Cloudy"
"2016-09-04 08:00","2016","09","04","08:00","‡","15.0","","13.1","","88","","36","","1","","32.2","","101.57","","","","","","NA"
"2016-09-04 09:00","2016","09","04","09:00","‡","16.1","","12.3","","78","","28","","12","","32.2","","101.56","","","","","","NA"
"2016-09-04 10:00","2016","09","04","10:00","‡","15.8","","12.2","","79","","29","","16","","32.2","","101.55","","","","","","Mostly Cloudy"
"2016-09-04 11:00","2016","09","04","11:00","‡","16.3","","12.7","","79","","30","","13","","32.2","","101.53","","","","","","NA"
"2016-09-04 12:00","2016","09","04","12:00","‡","17.6","","13.0","","74","","28","","16","","32.2","","101.48","","","","","","NA"
"2016-09-04 13:00","2016","09","04","13:00","‡","18.3","","13.0","","71","","27","","9","","48.3","","101.42","","","","","","Mainly Clear"
"2016-09-04 14:00","2016","09","04","14:00","‡","17.9","","12.9","","72","","23","","16","","48.3","","101.38","","","","","","NA"
"2016-09-04 15:00","2016","09","04","15:00","‡","17.4","","13.4","","77","","24","","11","","48.3","","101.35","","","","","","NA"
"2016-09-04 16:00","2016","09","04","16:00","‡","17.7","","13.1","","74","","23","","11","","48.3","","101.34","","","","","","Mainly Clear"
"2016-09-04 17:00","2016","09","04","17:00","‡","17.6","","12.8","","73","","19","","14","","48.3","","101.33","","","","","","NA"
"2016-09-04 18:00","2016","09","04","18:00","‡","17.3","","12.1","","71","","18","","13","","48.3","","101.32","","","","","","NA"
"2016-09-04 19:00","2016","09","04","19:00","‡","16.1","","11.3","","73","","15","","7","","48.3","","101.34","","","","","","Mainly Clear"
"2016-09-04 20:00","2016","09","04","20:00","‡","14.7","","11.0","","78","","10","","8","","48.3","","101.38","","","","","","NA"
"2016-09-04 21:00","2016","09","04","21:00","‡","14.2","","11.4","","83","","10","","14","","32.2","","101.39","","","","","","NA"
"2016-09-04 22:00","2016","09","04","22:00","‡","13.8","","10.8","","82","","10","","14","","32.2","","101.39","","","","","","Mainly Clear"
"2016-09-04 23:00","2016","09","04","23:00","‡","13.5","","11.1","","85","","10","","16","","32.2","","101.39","","","","","","NA"
"2016-09-05 00:00","2016","09","05","00:00","‡","12.8","","10.7","","87","","10","","16","","32.2","","101.40","","","","","","NA"
"2016-09-05 01:00","2016","09","05","01:00","‡","13.2","","10.9","","86","","10","","14","","32.2","","101.42","","","","","","Mainly Clear"
"2016-09-05 02:00","2016","09","05","02:00","‡","13.0","","10.6","","85","","10","","17","","32.2","","101.43","","","","","","NA"
"2016-09-05 03:00","2016","09","05","03:00","‡","13.0","","10.6","","85","","10","","16","","32.2","","101.42","","","","","","NA"
"2016-09-05 04:00","2016","09","05","04:00","‡","12.9","","10.6","","86","","11","","16","","32.2","","101.45","","","","","","Mostly Cloudy"
"2016-09-05 05:00","2016","09","05","05:00","‡","12.8","","10.7","","87","","10","","22","","32.2","","101.43","","","","","","NA"
"2016-09-05 06:00","2016","09","05","06:00","‡","12.4","","11.0","","91","","9","","16","","24.1","","101.45","","","","","","NA"
"2016-09-05 07:00","2016","09","05","07:00","‡","12.6","","11.0","","90","","9","","16","","24.1","","101.51","","","","","","Mostly Cloudy"
"2016-09-05 08:00","2016","09","05","08:00","‡","13.4","","11.0","","85","","8","","21","","24.1","","101.53","","","","","","NA"
"2016-09-05 09:00","2016","09","05","09:00","‡","13.5","","10.5","","82","","11","","26","","24.1","","101.55","","","","","","NA"
"2016-09-05 10:00","2016","09","05","10:00","‡","14.1","","10.6","","79","","12","","23","","24.1","","101.57","","","","","","Cloudy"
"2016-09-05 11:00","2016","09","05","11:00","‡","14.9","","10.8","","76","","11","","25","","24.1","","101.59","","","","","","NA"
"2016-09-05 12:00","2016","09","05","12:00","‡","14.3","","10.2","","76","","11","","23","","24.1","","101.57","","","","","","NA"
"2016-09-05 13:00","2016","09","05","13:00","‡","14.9","","10.6","","75","","11","","24","","32.2","","101.57","","","","","","Cloudy"
"2016-09-05 14:00","2016","09","05","14:00","‡","15.5","","10.3","","71","","11","","16","","32.2","","101.56","","","","","","NA"
"2016-09-05 15:00","2016","09","05","15:00","‡","15.4","","11.2","","76","","12","","14","","24.1","","101.51","","","","","","Rain Showers"
"2016-09-05 16:00","2016","09","05","16:00","‡","15.5","","10.3","","71","","14","","17","","24.1","","101.50","","","","","","Cloudy"
"2016-09-05 17:00","2016","09","05","17:00","‡","15.0","","10.3","","73","","10","","21","","24.1","","101.49","","","","","","NA"
"2016-09-05 18:00","2016","09","05","18:00","‡","14.6","","10.7","","77","","14","","17","","32.2","","101.47","","","","","","NA"
"2016-09-05 19:00","2016","09","05","19:00","‡","14.3","","10.6","","78","","13","","10","","32.2","","101.47","","","","","","Cloudy"
"2016-09-05 20:00","2016","09","05","20:00","‡","13.9","","11.1","","83","","10","","12","","32.2","","101.46","","","","","","Rain Showers"
"2016-09-05 21:00","2016","09","05","21:00","‡","13.8","","11.0","","83","","16","","9","","24.1","","101.45","","","","","","NA"
"2016-09-05 22:00","2016","09","05","22:00","‡","13.5","","11.4","","87","","17","","3","","24.1","","101.43","","","","","","Mostly Cloudy"
"2016-09-05 23:00","2016","09","05","23:00","‡","13.3","","11.7","","90","","14","","5","","24.1","","101.37","","","","","","Rain"
"2016-09-06 00:00","2016","09","06","00:00","‡","13.2","","11.5","","89","","13","","4","","24.1","","101.35","","","","","","Rain"
"2016-09-06 01:00","2016","09","06","01:00","‡","13.4","","11.5","","88","","36","","3","","24.1","","101.33","","","","","","Rain"
"2016-09-06 02:00","2016","09","06","02:00","‡","13.1","","11.8","","92","","36","","1","","16.1","","101.30","","","","","","NA"
"2016-09-06 03:00","2016","09","06","03:00","‡","12.9","","12.0","","94","","5","","12","","16.1","","101.30","","","","","","Rain Showers"
"2016-09-06 04:00","2016","09","06","04:00","‡","12.9","","11.8","","93","","2","","8","","16.1","","101.30","","","","","","Mostly Cloudy"
"2016-09-06 05:00","2016","09","06","05:00","‡","12.7","","11.5","","92","","6","","11","","16.1","","101.28","","","","","","NA"
"2016-09-06 06:00","2016","09","06","06:00","‡","13.1","","11.5","","90","","10","","13","","24.1","","101.31","","","","","","NA"
"2016-09-06 07:00","2016","09","06","07:00","‡","13.1","","11.8","","92","","11","","10","","24.1","","101.35","","","","","","Cloudy"
"2016-09-06 08:00","2016","09","06","08:00","‡","13.8","","12.0","","89","","10","","10","","24.1","","101.37","","","","","","NA"
"2016-09-06 09:00","2016","09","06","09:00","‡","14.4","","11.9","","85","","10","","9","","24.1","","101.40","","","","","","NA"
"2016-09-06 10:00","2016","09","06","10:00","‡","14.8","","11.6","","81","","17","","5","","24.1","","101.43","","","","","","Cloudy"
"2016-09-06 11:00","2016","09","06","11:00","‡","15.5","","12.3","","81","","24","","12","","24.1","","101.47","","","","","","NA"
"2016-09-06 12:00","2016","09","06","12:00","‡","16.4","","13.2","","81","","23","","9","","24.1","","101.48","","","","","","NA"
"2016-09-06 13:00","2016","09","06","13:00","‡","16.7","","12.7","","77","","24","","13","","24.1","","101.50","","","","","","Mainly Clear"
"2016-09-06 14:00","2016","09","06","14:00","‡","16.5","","12.5","","77","","25","","14","","32.2","","101.49","","","","","","NA"
"2016-09-06 15:00","2016","09","06","15:00","‡","16.9","","12.9","","77","","24","","14","","32.2","","101.53","","","","","","NA"
"2016-09-06 16:00","2016","09","06","16:00","‡","17.0","","13.0","","77","","24","","8","","48.3","","101.56","","","","","","Mainly Clear"
"2016-09-06 17:00","2016","09","06","17:00","‡","16.5","","12.5","","77","","23","","12","","48.3","","101.57","","","","","","NA"
"2016-09-06 18:00","2016","09","06","18:00","‡","15.5","","11.5","","77","","22","","7","","48.3","","101.59","","","","","","NA"
"2016-09-06 19:00","2016","09","06","19:00","‡","16.0","","10.8","","71","","23","","4","","48.3","","101.62","","","","","","Mostly Cloudy"
"2016-09-06 20:00","2016","09","06","20:00","‡","14.9","","12.3","","84","","16","","7","","32.2","","101.66","","","","","","NA"
"2016-09-06 21:00","2016","09","06","21:00","‡","14.2","","11.7","","85","","10","","8","","32.2","","101.71","","","","","","NA"
"2016-09-06 22:00","2016","09","06","22:00","‡","14.2","","12.3","","88","","11","","9","","32.2","","101.74","","","","","","Cloudy"
"2016-09-06 23:00","2016","09","06","23:00","‡","14.3","","11.8","","85","","9","","7","","32.2","","101.77","","","","","","NA"
"2016-09-07 00:00","2016","09","07","00:00","‡","13.9","","11.8","","87","","10","","13","","32.2","","101.75","","","","","","NA"
"2016-09-07 01:00","2016","09","07","01:00","‡","14.0","","12.4","","90","","9","","12","","24.1","","101.78","","","","","","Cloudy"
"2016-09-07 02:00","2016","09","07","02:00","‡","14.2","","12.3","","88","","11","","7","","24.1","","101.80","","","","","","NA"
"2016-09-07 03:00","2016","09","07","03:00","‡","14.2","","11.9","","86","","10","","6","","24.1","","101.80","","","","","","NA"
"2016-09-07 04:00","2016","09","07","04:00","‡","14.0","","12.2","","89","","13","","4","","24.1","","101.81","","","","","","Cloudy"
"2016-09-07 05:00","2016","09","07","05:00","‡","14.0","","11.9","","87","","11","","9","","24.1","","101.82","","","","","","NA"
"2016-09-07 06:00","2016","09","07","06:00","‡","14.3","","12.2","","87","","11","","10","","24.1","","101.86","","","","","","NA"
"2016-09-07 07:00","2016","09","07","07:00","‡","14.6","","12.1","","85","","10","","12","","24.1","","101.90","","","","","","Cloudy"
"2016-09-07 08:00","2016","09","07","08:00","‡","15.0","","12.7","","86","","11","","13","","24.1","","101.91","","","","","","NA"
"2016-09-07 09:00","2016","09","07","09:00","‡","15.8","","12.8","","82","","10","","11","","24.1","","101.92","","","","","","NA"
"2016-09-07 10:00","2016","09","07","10:00","‡","16.1","","12.5","","79","","14","","14","","24.1","","101.93","","","","","","Cloudy"
"2016-09-07 11:00","2016","09","07","11:00","‡","16.3","","12.9","","80","","14","","13","","24.1","","101.92","","","","","","NA"
"2016-09-07 12:00","2016","09","07","12:00","‡","16.0","","13.2","","83","","10","","12","","24.1","","101.92","","","","","","NA"
"2016-09-07 13:00","2016","09","07","13:00","‡","16.4","","12.8","","79","","13","","10","","24.1","","101.92","","","","","","Rain"
"2016-09-07 14:00","2016","09","07","14:00","‡","15.6","","13.6","","88","","14","","11","","19.3","","101.94","","","","","","Rain"
"2016-09-07 15:00","2016","09","07","15:00","‡","15.2","","12.9","","86","","20","","21","","24.1","","101.94","","","","","","Rain"
"2016-09-07 16:00","2016","09","07","16:00","‡","14.9","","12.3","","84","","19","","15","","24.1","","101.94","","","","","","Cloudy"
"2016-09-07 17:00","2016","09","07","17:00","‡","14.6","","12.1","","85","","14","","10","","24.1","","101.92","","","","","","Rain"
"2016-09-07 18:00","2016","09","07","18:00","‡","14.3","","12.4","","88","","10","","16","","24.1","","101.91","","","","","","NA"
"2016-09-07 19:00","2016","09","07","19:00","‡","13.8","","12.2","","90","","9","","18","","24.1","","101.91","","","","","","Cloudy"
"2016-09-07 20:00","2016","09","07","20:00","‡","13.8","","12.2","","90","","10","","20","","24.1","","101.92","","","","","","NA"
"2016-09-07 21:00","2016","09","07","21:00","‡","13.8","","12.2","","90","","9","","14","","24.1","","101.94","","","","","","NA"
"2016-09-07 22:00","2016","09","07","22:00","‡","14.1","","12.5","","90","","8","","13","","24.1","","101.93","","","","","","Cloudy"
"2016-09-07 23:00","2016","09","07","23:00","‡","13.8","","12.2","","90","","8","","12","","24.1","","101.93","","","","","","NA"
"2016-09-08 00:00","2016","09","08","00:00","‡","13.4","","12.1","","92","","8","","11","","24.1","","101.91","","","","","","NA"
"2016-09-08 01:00","2016","09","08","01:00","‡","13.4","","12.1","","92","","8","","8","","24.1","","101.96","","","","","","Mostly Cloudy"
"2016-09-08 02:00","2016","09","08","02:00","‡","13.9","","12.3","","90","","8","","12","","24.1","","101.99","","","","","","NA"
"2016-09-08 03:00","2016","09","08","03:00","‡","13.0","","12.1","","94","","10","","9","","24.1","","102.01","","","","","","NA"
"2016-09-08 04:00","2016","09","08","04:00","‡","12.4","","11.5","","94","","12","","12","","24.1","","102.04","","","","","","Mainly Clear"
"2016-09-08 05:00","2016","09","08","05:00","‡","12.9","","12.1","","95","","14","","4","","24.1","","102.08","","","","","","NA"
"2016-09-08 06:00","2016","09","08","06:00","‡","13.9","","12.6","","92","","25","","9","","24.1","","102.12","","","","","","NA"
"2016-09-08 07:00","2016","09","08","07:00","‡","15.1","","14.0","","93","","27","","13","","24.1","","102.14","","","","","","Mainly Clear"
"2016-09-08 08:00","2016","09","08","08:00","‡","15.8","","14.0","","89","","28","","21","","24.1","","102.21","","","","","","NA"
"2016-09-08 09:00","2016","09","08","09:00","‡","16.4","","13.4","","82","","27","","25","","24.1","","102.23","","","","","","NA"
"2016-09-08 10:00","2016","09","08","10:00","‡","16.9","","13.5","","80","","26","","27","","32.2","","102.25","","","","","","Mostly Cloudy"
"2016-09-08 11:00","2016","09","08","11:00","‡","17.5","","13.3","","76","","28","","23","","32.2","","102.30","","","","","","NA"
"2016-09-08 12:00","2016","09","08","12:00","‡","17.9","","13.3","","74","","27","","24","","32.2","","102.32","","","","","","NA"
"2016-09-08 13:00","2016","09","08","13:00","‡","17.9","","12.6","","71","","26","","27","","32.2","","102.32","","","","","","Mainly Clear"
"2016-09-08 14:00","2016","09","08","14:00","‡","18.7","","12.3","","66","","28","","26","","32.2","","102.34","","","","","","NA"
"2016-09-08 15:00","2016","09","08","15:00","‡","19.1","","12.9","","67","","28","","22","","48.3","","102.32","","","","","","NA"
"2016-09-08 16:00","2016","09","08","16:00","‡","18.8","","11.9","","64","","28","","23","","48.3","","102.33","","","","","","Mainly Clear"
"2016-09-08 17:00","2016","09","08","17:00","‡","18.3","","12.2","","67","","26","","15","","48.3","","102.35","","","","","","NA"
"2016-09-08 18:00","2016","09","08","18:00","‡","17.1","","11.2","","68","","26","","19","","48.3","","102.36","","","","","","NA"
"2016-09-08 19:00","2016","09","08","19:00","‡","15.8","","10.6","","71","","26","","7","","48.3","","102.41","","","","","","Mainly Clear"
"2016-09-08 20:00","2016","09","08","20:00","‡","16.6","","9.8","","64","","21","","4","","48.3","","102.49","","","","","","NA"
"2016-09-08 21:00","2016","09","08","21:00","‡","14.9","","9.7","","71","","14","","7","","48.3","","102.51","","","","","","NA"
"2016-09-08 22:00","2016","09","08","22:00","‡","12.8","","9.3","","79","","9","","11","","48.3","","102.58","","","","","","Mainly Clear"
"2016-09-08 23:00","2016","09","08","23:00","‡","12.3","","9.3","","82","","9","","12","","48.3","","102.59","","","","","","NA"
"2016-09-09 00:00","2016","09","09","00:00","‡","12.6","","10.0","","84","","8","","6","","48.3","","102.65","","","","","","NA"
"2016-09-09 01:00","2016","09","09","01:00","‡","11.3","","9.7","","90","","9","","14","","48.3","","102.64","","","","","","Clear"
"2016-09-09 02:00","2016","09","09","02:00","‡","10.8","","9.6","","92","","8","","10","","48.3","","102.71","","","","","","NA"
"2016-09-09 03:00","2016","09","09","03:00","‡","11.0","","9.8","","92","","8","","7","","48.3","","102.72","","","","","","NA"
"2016-09-09 04:00","2016","09","09","04:00","‡","11.8","","10.1","","89","","8","","11","","48.3","","102.74","","","","","","Clear"
"2016-09-09 05:00","2016","09","09","05:00","‡","10.2","","9.1","","93","","10","","10","","48.3","","102.73","","","","","","NA"
"2016-09-09 06:00","2016","09","09","06:00","‡","11.1","","9.7","","91","","12","","6","","48.3","","102.77","","","","","","NA"
"2016-09-09 07:00","2016","09","09","07:00","‡","12.6","","10.9","","89","","16","","5","","48.3","","102.75","","","","","","Mostly Cloudy"
"2016-09-09 08:00","2016","09","09","08:00","‡","14.2","","11.0","","81","","22","","4","","48.3","","102.76","","","","","","NA"
"2016-09-09 09:00","2016","09","09","09:00","‡","16.0","","11.2","","73","","13","","7","","48.3","","102.72","","","","","","NA"
"2016-09-09 10:00","2016","09","09","10:00","‡","15.9","","11.9","","77","","23","","10","","48.3","","102.72","","","","","","Mostly Cloudy"
"2016-09-09 11:00","2016","09","09","11:00","‡","16.8","","12.4","","75","","24","","9","","48.3","","102.72","","","","","","NA"
"2016-09-09 12:00","2016","09","09","12:00","‡","16.1","","11.9","","76","","24","","10","","48.3","","102.66","","","","","","NA"
"2016-09-09 13:00","2016","09","09","13:00","‡","17.5","","11.2","","66","","25","","11","","48.3","","102.64","","","","","","Mostly Cloudy"
"2016-09-09 14:00","2016","09","09","14:00","‡","19.0","","10.9","","59","","28","","9","","48.3","","102.60","","","","","","NA"
"2016-09-09 15:00","2016","09","09","15:00","‡","19.7","","10.0","","53","","23","","8","","48.3","","102.52","","","","","","NA"
"2016-09-09 16:00","2016","09","09","16:00","‡","20.7","","11.2","","54","","27","","4","","48.3","","102.45","","","","","","Mostly Cloudy"
"2016-09-09 17:00","2016","09","09","17:00","‡","18.3","","11.7","","65","","23","","11","","48.3","","102.40","","","","","","NA"
"2016-09-09 18:00","2016","09","09","18:00","‡","17.6","","10.6","","63","","25","","5","","48.3","","102.34","","","","","","NA"
"2016-09-09 19:00","2016","09","09","19:00","‡","15.9","","11.1","","73","","36","","2","","48.3","","102.29","","","","","","Mainly Clear"
"2016-09-09 20:00","2016","09","09","20:00","‡","15.7","","12.9","","83","","","","0","","48.3","","102.28","","","","","","NA"
"2016-09-09 21:00","2016","09","09","21:00","‡","15.4","","10.4","","72","","36","","2","","48.3","","102.27","","","","","","NA"
"2016-09-09 22:00","2016","09","09","22:00","‡","15.5","","11.3","","76","","35","","5","","48.3","","102.26","","","","","","Mostly Cloudy"
"2016-09-09 23:00","2016","09","09","23:00","‡","15.7","","11.5","","76","","11","","8","","48.3","","102.16","","","","","","NA"
"2016-09-10 00:00","2016","09","10","00:00","‡","16.5","","11.3","","71","","8","","10","","48.3","","102.10","","","","","","NA"
"2016-09-10 01:00","2016","09","10","01:00","‡","15.7","","10.9","","73","","10","","10","","48.3","","102.08","","","","","","Cloudy"
"2016-09-10 02:00","2016","09","10","02:00","‡","15.7","","11.5","","76","","13","","11","","32.2","","102.04","","","","","","NA"
"2016-09-10 03:00","2016","09","10","03:00","‡","15.9","","11.7","","76","","10","","12","","48.3","","102.02","","","","","","NA"
"2016-09-10 04:00","2016","09","10","04:00","‡","15.3","","11.3","","77","","10","","9","","48.3","","102.01","","","","","","Cloudy"
"2016-09-10 05:00","2016","09","10","05:00","‡","15.2","","10.4","","73","","12","","13","","48.3","","102.01","","","","","","NA"
"2016-09-10 06:00","2016","09","10","06:00","‡","14.4","","11.0","","80","","12","","17","","32.2","","102.00","","","","","","NA"
"2016-09-10 07:00","2016","09","10","07:00","‡","14.9","","11.7","","81","","13","","11","","48.3","","102.01","","","","","","Mostly Cloudy"
"2016-09-10 08:00","2016","09","10","08:00","‡","15.9","","11.3","","74","","9","","9","","48.3","","101.96","","","","","","NA"
"2016-09-10 09:00","2016","09","10","09:00","‡","18.0","","11.9","","67","","9","","11","","48.3","","101.93","","","","","","NA"
"2016-09-10 10:00","2016","09","10","10:00","‡","19.6","","11.2","","58","","15","","16","","48.3","","101.91","","","","","","Mainly Clear"
"2016-09-10 11:00","2016","09","10","11:00","‡","20.1","","12.0","","59","","13","","11","","48.3","","101.90","","","","","","NA"
"2016-09-10 12:00","2016","09","10","12:00","‡","20.4","","10.3","","52","","36","","3","","48.3","","101.82","","","","","","NA"
"2016-09-10 13:00","2016","09","10","13:00","‡","19.6","","14.1","","70","","29","","17","","48.3","","101.81","","","","","","Mostly Cloudy"
"2016-09-10 14:00","2016","09","10","14:00","‡","18.5","","12.6","","68","","24","","9","","48.3","","101.80","","","","","","NA"
"2016-09-10 15:00","2016","09","10","15:00","‡","17.8","","12.3","","70","","26","","10","","48.3","","101.78","","","","","","NA"
"2016-09-10 16:00","2016","09","10","16:00","‡","17.6","","13.4","","76","","28","","17","","48.3","","101.76","","","","","","Mostly Cloudy"
"2016-09-10 17:00","2016","09","10","17:00","‡","17.3","","14.6","","84","","27","","23","","48.3","","101.72","","","","","","NA"
"2016-09-10 18:00","2016","09","10","18:00","‡","16.7","","14.2","","85","","28","","28","","48.3","","101.66","","","","","","NA"
"2016-09-10 19:00","2016","09","10","19:00","‡","16.9","","13.1","","78","","28","","29","","48.3","","101.64","","","","","","Mostly Cloudy"
"2016-09-10 20:00","2016","09","10","20:00","‡","16.6","","13.0","","79","","29","","28","","32.2","","101.65","","","","","","NA"
"2016-09-10 21:00","2016","09","10","21:00","‡","16.8","","12.4","","75","","29","","35","","32.2","","101.64","","","","","","NA"
"2016-09-10 22:00","2016","09","10","22:00","‡","16.1","","11.5","","74","","29","","29","","32.2","","101.63","","","","","","Mostly Cloudy"
"2016-09-10 23:00","2016","09","10","23:00","‡","15.7","","9.4","","66","","29","","36","","32.2","","101.63","","","","","","NA"
"2016-09-11 00:00","2016","09","11","00:00","‡","15.2","","9.0","","66","","29","","45","","32.2","","101.60","","","","","","NA"
"2016-09-11 01:00","2016","09","11","01:00","‡","14.5","","9.6","","72","","29","","39","","32.2","","101.61","","","","","","Mainly Clear"
"2016-09-11 02:00","2016","09","11","02:00","‡","14.2","","9.7","","74","","29","","35","","32.2","","101.67","","","","","","NA"
"2016-09-11 03:00","2016","09","11","03:00","‡","13.7","","10.7","","82","","29","","32","","32.2","","101.66","","","","","","NA"
"2016-09-11 04:00","2016","09","11","04:00","‡","13.4","","10.4","","82","","29","","37","","32.2","","101.72","","","","","","Mainly Clear"
"2016-09-11 05:00","2016","09","11","05:00","‡","12.6","","10.3","","86","","32","","17","","48.3","","101.77","","","","","","NA"
"2016-09-11 06:00","2016","09","11","06:00","‡","11.3","","9.7","","90","","35","","9","","48.3","","101.87","","","","","","NA"
"2016-09-11 07:00","2016","09","11","07:00","‡","14.0","","10.3","","78","","1","","10","","48.3","","102.00","","","","","","Mainly Clear"
"2016-09-11 08:00","2016","09","11","08:00","‡","15.6","","10.4","","71","","10","","12","","48.3","","102.06","","","","","","NA"
"2016-09-11 09:00","2016","09","11","09:00","‡","17.0","","10.2","","64","","13","","3","","48.3","","102.11","","","","","","NA"
"2016-09-11 10:00","2016","09","11","10:00","‡","17.3","","11.6","","69","","30","","21","","48.3","","102.12","","","","","","Mainly Clear"
"2016-09-11 11:00","2016","09","11","11:00","‡","17.1","","11.7","","70","","29","","26","","48.3","","102.15","","","","","","NA"
"2016-09-11 12:00","2016","09","11","12:00","‡","17.8","","11.7","","67","","29","","26","","48.3","","102.15","","","","","","NA"
"2016-09-11 13:00","2016","09","11","13:00","‡","17.7","","11.8","","68","","28","","24","","48.3","","102.14","","","","","","Mainly Clear"
"2016-09-11 14:00","2016","09","11","14:00","‡","17.7","","12.0","","69","","30","","18","","48.3","","102.12","","","","","","NA"
"2016-09-11 15:00","2016","09","11","15:00","‡","17.5","","12.7","","73","","28","","21","","48.3","","102.10","","","","","","NA"
"2016-09-11 16:00","2016","09","11","16:00","‡","17.4","","12.4","","72","","28","","19","","48.3","","102.07","","","","","","Clear"
"2016-09-11 17:00","2016","09","11","17:00","‡","17.3","","12.1","","71","","28","","19","","48.3","","102.04","","","","","","NA"
"2016-09-11 18:00","2016","09","11","18:00","‡","16.0","","12.2","","78","","30","","12","","48.3","","102.05","","","","","","NA"
"2016-09-11 19:00","2016","09","11","19:00","‡","14.1","","11.6","","85","","30","","9","","48.3","","102.07","","","","","","Mainly Clear"
"2016-09-11 20:00","2016","09","11","20:00","‡","14.3","","12.9","","91","","34","","7","","32.2","","102.08","","","","","","NA"
"2016-09-11 21:00","2016","09","11","21:00","‡","11.6","","10.4","","92","","31","","8","","32.2","","102.12","","","","","","NA"
"2016-09-11 22:00","2016","09","11","22:00","‡","14.8","","10.5","","75","","9","","4","","32.2","","102.16","","","","","","Clear"
"2016-09-11 23:00","2016","09","11","23:00","‡","11.4","","9.5","","88","","36","","2","","32.2","","102.20","","","","","","NA"
"2016-09-12 00:00","2016","09","12","00:00","‡","12.4","","9.6","","83","","36","","2","","32.2","","102.25","","","","","","NA"
"2016-09-12 01:00","2016","09","12","01:00","‡","11.2","","9.5","","89","","34","","5","","32.2","","102.28","","","","","","Clear"
"2016-09-12 02:00","2016","09","12","02:00","‡","11.3","","9.7","","90","","4","","5","","32.2","","102.29","","","","","","NA"
"2016-09-12 03:00","2016","09","12","03:00","‡","10.1","","8.9","","92","","32","","13","","32.2","","102.30","","","","","","NA"
"2016-09-12 04:00","2016","09","12","04:00","‡","13.0","","11.7","","92","","31","","16","","32.2","","102.31","","","","","","Clear"
"2016-09-12 05:00","2016","09","12","05:00","‡","11.7","","10.3","","91","","32","","14","","48.3","","102.33","","","","","","NA"
"2016-09-12 06:00","2016","09","12","06:00","‡","8.2","","7.5","","95","","31","","13","","48.3","","102.36","","","","","","NA"
"2016-09-12 07:00","2016","09","12","07:00","‡","14.2","","12.4","","89","","30","","16","","48.3","","102.39","","","","","","Clear"
"2016-09-12 08:00","2016","09","12","08:00","‡","15.2","","12.9","","86","","29","","19","","48.3","","102.40","","","","","","NA"
"2016-09-12 09:00","2016","09","12","09:00","‡","16.2","","12.8","","80","","30","","22","","48.3","","102.41","","","","","","NA"
"2016-09-12 10:00","2016","09","12","10:00","‡","16.7","","12.9","","78","","28","","26","","48.3","","102.39","","","","","","Clear"
"2016-09-12 11:00","2016","09","12","11:00","‡","17.6","","13.0","","74","","29","","28","","48.3","","102.35","","","","","","NA"
"2016-09-12 12:00","2016","09","12","12:00","‡","17.7","","13.5","","76","","29","","22","","48.3","","102.30","","","","","","NA"
"2016-09-12 13:00","2016","09","12","13:00","‡","18.0","","12.7","","71","","31","","26","","48.3","","102.24","","","","","","Clear"
"2016-09-12 14:00","2016","09","12","14:00","‡","18.5","","13.0","","70","","31","","20","","48.3","","102.18","","","","","","NA"
"2016-09-12 15:00","2016","09","12","15:00","‡","18.5","","12.3","","67","","30","","22","","48.3","","102.11","","","","","","NA"
"2016-09-12 16:00","2016","09","12","16:00","‡","18.7","","12.8","","68","","29","","16","","48.3","","102.07","","","","","","Clear"
"2016-09-12 17:00","2016","09","12","17:00","‡","18.3","","11.5","","64","","30","","14","","48.3","","102.00","","","","","","NA"
"2016-09-12 18:00","2016","09","12","18:00","‡","16.2","","11.6","","74","","30","","13","","48.3","","101.96","","","","","","NA"
"2016-09-12 19:00","2016","09","12","19:00","‡","15.0","","11.6","","80","","30","","15","","48.3","","101.95","","","","","","Mainly Clear"
"2016-09-12 20:00","2016","09","12","20:00","‡","14.2","","11.6","","84","","32","","13","","32.2","","101.96","","","","","","NA"
"2016-09-12 21:00","2016","09","12","21:00","‡","13.4","","11.5","","88","","33","","10","","32.2","","101.94","","","","","","NA"
"2016-09-12 22:00","2016","09","12","22:00","‡","13.8","","8.7","","71","","36","","8","","32.2","","101.92","","","","","","Clear"
"2016-09-12 23:00","2016","09","12","23:00","‡","13.1","","7.2","","67","","11","","10","","32.2","","101.92","","","","","","NA"
"2016-09-13 00:00","2016","09","13","00:00","‡","13.4","","7.0","","65","","36","","3","","32.2","","101.93","","","","","","NA"
"2016-09-13 01:00","2016","09","13","01:00","‡","10.7","","8.0","","83","","29","","5","","32.2","","101.94","","","","","","Clear"
"2016-09-13 02:00","2016","09","13","02:00","‡","10.2","","6.0","","75","","36","","3","","32.2","","101.92","","","","","","NA"
"2016-09-13 03:00","2016","09","13","03:00","‡","12.2","","9.3","","82","","31","","18","","32.2","","101.92","","","","","","NA"
"2016-09-13 04:00","2016","09","13","04:00","‡","11.9","","10.8","","93","","","","0","","32.2","","101.91","","","","","","Clear"
"2016-09-13 05:00","2016","09","13","05:00","‡","10.3","","8.3","","87","","10","","6","","32.2","","101.88","","","","","","NA"
"2016-09-13 06:00","2016","09","13","06:00","‡","9.8","","6.9","","82","","7","","4","","48.3","","101.88","","","","","","NA"
"2016-09-13 07:00","2016","09","13","07:00","‡","12.1","","9.7","","85","","1","","4","","48.3","","101.89","","","","","","Mainly Clear"
"2016-09-13 08:00","2016","09","13","08:00","‡","16.0","","9.9","","67","","31","","10","","48.3","","101.88","","","","","","NA"
"2016-09-13 09:00","2016","09","13","09:00","‡","17.0","","10.7","","66","","30","","16","","48.3","","101.85","","","","","","NA"
"2016-09-13 10:00","2016","09","13","10:00","‡","17.4","","11.5","","68","","29","","21","","48.3","","101.83","","","","","","Clear"
"2016-09-13 11:00","2016","09","13","11:00","‡","18.2","","11.1","","63","","27","","20","","48.3","","101.79","","","","","","NA"
"2016-09-13 12:00","2016","09","13","12:00","‡","18.3","","11.2","","63","","30","","20","","48.3","","101.73","","","","","","NA"
"2016-09-13 13:00","2016","09","13","13:00","‡","18.8","","12.6","","67","","29","","15","","48.3","","101.66","","","","","","Clear"
"2016-09-13 14:00","2016","09","13","14:00","‡","19.3","","12.7","","65","","29","","16","","48.3","","101.57","","","","","","NA"
"2016-09-13 15:00","2016","09","13","15:00","‡","19.3","","11.7","","61","","29","","15","","48.3","","101.50","","","","","","NA"
"2016-09-13 16:00","2016","09","13","16:00","‡","18.6","","12.0","","65","","28","","13","","48.3","","101.41","","","","","","Clear"
"2016-09-13 17:00","2016","09","13","17:00","‡","18.3","","11.5","","64","","28","","12","","48.3","","101.35","","","","","","NA"
"2016-09-13 18:00","2016","09","13","18:00","‡","16.5","","11.7","","73","","30","","7","","48.3","","101.31","","","","","","NA"
"2016-09-13 19:00","2016","09","13","19:00","‡","15.6","","12.0","","79","","26","","7","","48.3","","101.29","","","","","","Clear"
"2016-09-13 20:00","2016","09","13","20:00","‡","13.5","","10.2","","80","","28","","6","","48.3","","101.33","","","","","","NA"
"2016-09-13 21:00","2016","09","13","21:00","‡","13.8","","10.6","","81","","36","","3","","48.3","","101.35","","","","","","NA"
"2016-09-13 22:00","2016","09","13","22:00","‡","14.6","","11.4","","81","","11","","7","","48.3","","101.36","","","","","","Clear"
"2016-09-13 23:00","2016","09","13","23:00","‡","13.6","","9.7","","77","","10","","7","","48.3","","101.38","","","","","","NA"
"2016-09-14 00:00","2016","09","14","00:00","‡","12.9","","10.3","","84","","8","","7","","48.3","","101.38","","","","","","NA"
"2016-09-14 01:00","2016","09","14","01:00","‡","12.5","","10.2","","86","","36","","3","","48.3","","101.41","","","","","","Clear"
"2016-09-14 02:00","2016","09","14","02:00","‡","12.6","","10.2","","85","","10","","4","","48.3","","101.45","","","","","","NA"
"2016-09-14 03:00","2016","09","14","03:00","‡","10.5","","9.1","","91","","2","","3","","48.3","","101.46","","","","","","NA"
"2016-09-14 04:00","2016","09","14","04:00","‡","11.7","","9.8","","88","","4","","4","","48.3","","101.48","","","","","","Clear"
"2016-09-14 05:00","2016","09","14","05:00","‡","9.2","","8.1","","93","","36","","1","","48.3","","101.50","","","","","","NA"
"2016-09-14 06:00","2016","09","14","06:00","‡","9.7","","8.6","","93","","36","","1","","48.3","","101.57","","","","","","NA"
"2016-09-14 07:00","2016","09","14","07:00","‡","13.0","","10.6","","85","","13","","6","","48.3","","101.60","","","","","","Mainly Clear"
"2016-09-14 08:00","2016","09","14","08:00","‡","15.7","","10.7","","72","","36","","2","","48.3","","101.64","","","","","","NA"
"2016-09-14 09:00","2016","09","14","09:00","‡","18.0","","10.7","","62","","17","","3","","48.3","","101.66","","","","","","NA"
"2016-09-14 10:00","2016","09","14","10:00","‡","17.5","","11.2","","66","","26","","10","","48.3","","101.67","","","","","","Mainly Clear"
"2016-09-14 11:00","2016","09","14","11:00","‡","18.9","","12.3","","65","","27","","12","","48.3","","101.67","","","","","","NA"
"2016-09-14 12:00","2016","09","14","12:00","‡","18.9","","12.5","","66","","27","","12","","48.3","","101.67","","","","","","NA"
"2016-09-14 13:00","2016","09","14","13:00","‡","19.4","","11.0","","58","","25","","10","","48.3","","101.66","","","","","","Mainly Clear"
"2016-09-14 14:00","2016","09","14","14:00","‡","19.1","","12.9","","67","","29","","10","","48.3","","101.66","","","","","","NA"
"2016-09-14 15:00","2016","09","14","15:00","‡","18.2","","12.7","","70","","27","","8","","48.3","","101.65","","","","","","NA"
"2016-09-14 16:00","2016","09","14","16:00","‡","17.1","","13.5","","79","","24","","7","","48.3","","101.66","","","","","","Mainly Clear"
"2016-09-14 17:00","2016","09","14","17:00","‡","17.3","","12.9","","75","","21","","3","","48.3","","101.66","","","","","","NA"
"2016-09-14 18:00","2016","09","14","18:00","‡","16.9","","13.5","","80","","36","","2","","48.3","","101.69","","","","","","NA"
"2016-09-14 19:00","2016","09","14","19:00","‡","15.1","","13.0","","87","","36","","2","","48.3","","101.70","","","","","","Mostly Cloudy"
"2016-09-14 20:00","2016","09","14","20:00","‡","15.0","","12.7","","86","","36","","2","","48.3","","101.76","","","","","","NA"
"2016-09-14 21:00","2016","09","14","21:00","‡","15.7","","12.1","","79","","11","","6","","48.3","","101.81","","","","","","NA"
"2016-09-14 22:00","2016","09","14","22:00","‡","14.2","","11.9","","86","","12","","5","","48.3","","101.83","","","","","","Clear"
"2016-09-14 23:00","2016","09","14","23:00","‡","13.5","","11.9","","90","","19","","6","","48.3","","101.87","","","","","","NA"
"2016-09-15 00:00","2016","09","15","00:00","‡","12.7","","11.1","","90","","15","","10","","48.3","","101.90","","","","","","NA"
"2016-09-15 01:00","2016","09","15","01:00","‡","11.9","","10.2","","89","","11","","10","","48.3","","101.93","","","","","","Clear"
"2016-09-15 02:00","2016","09","15","02:00","‡","11.8","","9.7","","87","","9","","10","","48.3","","101.96","","","","","","NA"
"2016-09-15 03:00","2016","09","15","03:00","‡","11.9","","10.0","","88","","9","","10","","48.3","","101.99","","","","","","NA"
"2016-09-15 04:00","2016","09","15","04:00","‡","11.6","","9.9","","89","","6","","3","","48.3","","102.02","","","","","","Clear"
"2016-09-15 05:00","2016","09","15","05:00","‡","11.5","","9.9","","90","","36","","3","","48.3","","102.06","","","","","","NA"
"2016-09-15 06:00","2016","09","15","06:00","‡","11.2","","9.6","","90","","9","","11","","48.3","","102.09","","","","","","NA"
"2016-09-15 07:00","2016","09","15","07:00","‡","13.0","","11.1","","88","","10","","10","","48.3","","102.13","","","","","","Clear"
"2016-09-15 08:00","2016","09","15","08:00","‡","14.6","","11.4","","81","","10","","13","","48.3","","102.14","","","","","","NA"
"2016-09-15 09:00","2016","09","15","09:00","‡","16.4","","11.8","","74","","13","","10","","48.3","","102.14","","","","","","NA"
"2016-09-15 10:00","2016","09","15","10:00","‡","18.2","","11.4","","64","","11","","9","","48.3","","102.14","","","","","","Mainly Clear"
"2016-09-15 11:00","2016","09","15","11:00","‡","17.6","","14.0","","79","","25","","16","","48.3","","102.11","","","","","","NA"
"2016-09-15 12:00","2016","09","15","12:00","‡","18.4","","14.2","","76","","25","","19","","48.3","","102.08","","","","","","NA"
"2016-09-15 13:00","2016","09","15","13:00","‡","18.4","","13.3","","72","","24","","16","","48.3","","102.03","","","","","","Mainly Clear"
"2016-09-15 14:00","2016","09","15","14:00","‡","18.1","","12.8","","71","","26","","15","","48.3","","102.02","","","","","","NA"
"2016-09-15 15:00","2016","09","15","15:00","‡","18.7","","13.2","","70","","31","","7","","48.3","","101.96","","","","","","NA"
"2016-09-15 16:00","2016","09","15","16:00","‡","18.1","","12.8","","71","","25","","10","","48.3","","101.91","","","","","","Mainly Clear"
"2016-09-15 17:00","2016","09","15","17:00","‡","17.2","","13.2","","77","","24","","7","","48.3","","101.91","","","","","","NA"
"2016-09-15 18:00","2016","09","15","18:00","‡","16.4","","13.0","","80","","19","","5","","48.3","","101.86","","","","","","NA"
"2016-09-15 19:00","2016","09","15","19:00","‡","15.7","","13.0","","84","","36","","1","","48.3","","101.87","","","","","","Mainly Clear"
"2016-09-15 20:00","2016","09","15","20:00","‡","15.3","","12.5","","83","","2","","5","","48.3","","101.90","","","","","","NA"
"2016-09-15 21:00","2016","09","15","21:00","‡","14.6","","12.3","","86","","9","","12","","48.3","","101.90","","","","","","NA"
"2016-09-15 22:00","2016","09","15","22:00","‡","14.4","","11.6","","83","","9","","8","","48.3","","101.91","","","","","","Mostly Cloudy"
"2016-09-15 23:00","2016","09","15","23:00","‡","14.3","","12.2","","87","","11","","11","","48.3","","101.89","","","","","","NA"
"2016-09-16 00:00","2016","09","16","00:00","‡","14.6","","11.8","","83","","8","","9","","48.3","","101.91","","","","","","NA"
"2016-09-16 01:00","2016","09","16","01:00","‡","14.2","","11.4","","83","","36","","2","","48.3","","101.89","","","","","","Mainly Clear"
"2016-09-16 02:00","2016","09","16","02:00","‡","13.4","","11.6","","89","","36","","3","","48.3","","101.86","","","","","","NA"
"2016-09-16 03:00","2016","09","16","03:00","‡","13.8","","11.5","","86","","10","","10","","32.2","","101.84","","","","","","NA"
"2016-09-16 04:00","2016","09","16","04:00","‡","14.2","","11.6","","84","","9","","9","","32.2","","101.81","","","","","","Cloudy"
"2016-09-16 05:00","2016","09","16","05:00","‡","14.1","","11.5","","84","","10","","17","","32.2","","101.76","","","","","","NA"
"2016-09-16 06:00","2016","09","16","06:00","‡","14.2","","11.4","","83","","10","","15","","24.1","","101.74","","","","","","NA"
"2016-09-16 07:00","2016","09","16","07:00","‡","14.5","","11.9","","84","","13","","14","","32.2","","101.76","","","","","","Mostly Cloudy"
"2016-09-16 08:00","2016","09","16","08:00","‡","17.5","","12.5","","72","","9","","14","","32.2","","101.74","","","","","","NA"
"2016-09-16 09:00","2016","09","16","09:00","‡","18.5","","12.6","","68","","10","","16","","32.2","","101.73","","","","","","NA"
"2016-09-16 10:00","2016","09","16","10:00","‡","19.4","","12.3","","63","","13","","17","","32.2","","101.69","","","","","","Mostly Cloudy"
"2016-09-16 11:00","2016","09","16","11:00","‡","20.3","","12.6","","61","","11","","12","","32.2","","101.63","","","","","","NA"
"2016-09-16 12:00","2016","09","16","12:00","‡","20.3","","12.1","","59","","12","","15","","32.2","","101.60","","","","","","NA"
"2016-09-16 13:00","2016","09","16","13:00","‡","18.9","","12.3","","65","","14","","14","","32.2","","101.57","","","","","","Cloudy"
"2016-09-16 14:00","2016","09","16","14:00","‡","18.9","","11.3","","61","","15","","12","","32.2","","101.52","","","","","","NA"
"2016-09-16 15:00","2016","09","16","15:00","‡","19.1","","12.0","","63","","13","","16","","32.2","","101.47","","","","","","NA"
"2016-09-16 16:00","2016","09","16","16:00","‡","17.6","","12.4","","71","","19","","16","","32.2","","101.47","","","","","","Cloudy"
"2016-09-16 17:00","2016","09","16","17:00","‡","16.8","","12.4","","75","","22","","8","","32.2","","101.43","","","","","","NA"
"2016-09-16 18:00","2016","09","16","18:00","‡","16.4","","13.0","","80","","20","","8","","24.1","","101.42","","","","","","NA"
"2016-09-16 19:00","2016","09","16","19:00","‡","15.6","","13.3","","86","","6","","7","","19.3","","101.38","","","","","","Rain"
"2016-09-16 20:00","2016","09","16","20:00","‡","15.3","","13.4","","88","","11","","7","","19.3","","101.38","","","","","","Rain"
"2016-09-16 21:00","2016","09","16","21:00","‡","14.9","","13.1","","89","","8","","18","","32.2","","101.29","","","","","","Rain"
"2016-09-16 22:00","2016","09","16","22:00","‡","14.4","","13.5","","94","","15","","4","","24.1","","101.41","","","","","","Rain"
"2016-09-16 23:00","2016","09","16","23:00","‡","14.2","","13.1","","93","","10","","9","","24.1","","101.44","","","","","","Rain"
"2016-09-17 00:00","2016","09","17","00:00","‡","13.9","","12.3","","90","","7","","11","","24.1","","101.40","","","","","","Rain"
"2016-09-17 01:00","2016","09","17","01:00","‡","13.2","","11.8","","91","","7","","18","","24.1","","101.36","","","","","","Rain"
"2016-09-17 02:00","2016","09","17","02:00","‡","12.9","","12.0","","94","","6","","14","","24.1","","101.29","","","","","","Rain"
"2016-09-17 03:00","2016","09","17","03:00","‡","12.8","","12.0","","95","","7","","19","","24.1","","101.23","","","","","","Rain"
"2016-09-17 04:00","2016","09","17","04:00","‡","12.8","","12.0","","95","","10","","16","","24.1","","101.18","","","","","","Rain"
"2016-09-17 05:00","2016","09","17","05:00","‡","13.0","","12.4","","96","","10","","14","","19.3","","101.14","","","","","","Rain"
"2016-09-17 06:00","2016","09","17","06:00","‡","12.9","","12.4","","97","","10","","16","","8.1","","101.06","","","","","","Rain,Fog"
"2016-09-17 07:00","2016","09","17","07:00","‡","12.9","","12.3","","96","","9","","16","","12.9","","100.98","","","","","","Rain"
"2016-09-17 08:00","2016","09","17","08:00","‡","13.3","","12.5","","95","","9","","15","","12.9","","100.90","","","","","","Rain"
"2016-09-17 09:00","2016","09","17","09:00","‡","13.4","","12.8","","96","","13","","19","","8.1","","100.89","","","","","","Rain,Fog"
"2016-09-17 10:00","2016","09","17","10:00","‡","13.6","","13.0","","96","","11","","15","","12.9","","100.87","","","","","","Rain"
"2016-09-17 11:00","2016","09","17","11:00","‡","14.1","","13.2","","94","","7","","9","","12.9","","100.90","","","","","","Rain"
"2016-09-17 12:00","2016","09","17","12:00","‡","14.4","","13.1","","92","","7","","11","","12.9","","100.89","","","","","","NA"
"2016-09-17 13:00","2016","09","17","13:00","‡","14.9","","13.6","","92","","8","","12","","16.1","","100.88","","","","","","Cloudy"
"2016-09-17 14:00","2016","09","17","14:00","‡","15.2","","14.1","","93","","10","","10","","16.1","","100.90","","","","","","NA"
"2016-09-17 15:00","2016","09","17","15:00","‡","16.3","","14.9","","91","","13","","7","","16.1","","100.91","","","","","","NA"
"2016-09-17 16:00","2016","09","17","16:00","‡","17.8","","13.6","","76","","21","","14","","24.1","","100.94","","","","","","Mainly Clear"
"2016-09-17 17:00","2016","09","17","17:00","‡","17.4","","12.4","","72","","22","","26","","32.2","","100.99","","","","","","NA"
"2016-09-17 18:00","2016","09","17","18:00","‡","16.3","","11.5","","73","","21","","31","","32.2","","100.99","","","","","","NA"
"2016-09-17 19:00","2016","09","17","19:00","‡","15.8","","11.6","","76","","21","","26","","32.2","","101.07","","","","","","Mainly Clear"
"2016-09-17 20:00","2016","09","17","20:00","‡","15.3","","11.9","","80","","22","","20","","32.2","","101.13","","","","","","NA"
"2016-09-17 21:00","2016","09","17","21:00","‡","15.5","","11.5","","77","","22","","24","","32.2","","101.20","","","","","","NA"
"2016-09-17 22:00","2016","09","17","22:00","‡","15.2","","11.0","","76","","27","","13","","32.2","","101.28","","","","","","Mainly Clear"
"2016-09-17 23:00","2016","09","17","23:00","‡","13.3","","10.5","","83","","26","","9","","32.2","","101.33","","","","","","NA"
"2016-09-18 00:00","2016","09","18","00:00","‡","11.5","","9.6","","88","","10","","10","","32.2","","101.37","","","","","","NA"
"2016-09-18 01:00","2016","09","18","01:00","‡","11.4","","9.8","","90","","9","","10","","32.2","","101.44","","","","","","Mostly Cloudy"
"2016-09-18 02:00","2016","09","18","02:00","‡","11.5","","10.3","","92","","9","","11","","32.2","","101.47","","","","","","NA"
"2016-09-18 03:00","2016","09","18","03:00","‡","11.5","","10.4","","93","","7","","13","","32.2","","101.52","","","","","","NA"
"2016-09-18 04:00","2016","09","18","04:00","‡","11.5","","10.7","","95","","8","","15","","32.2","","101.54","","","","","","Mainly Clear"
"2016-09-18 05:00","2016","09","18","05:00","‡","11.1","","10.2","","94","","9","","12","","32.2","","101.57","","","","","","NA"
"2016-09-18 06:00","2016","09","18","06:00","‡","11.3","","10.2","","93","","9","","14","","32.2","","101.59","","","","","","NA"
"2016-09-18 07:00","2016","09","18","07:00","‡","12.4","","11.2","","92","","9","","16","","32.2","","101.64","","","","","","Mainly Clear"
"2016-09-18 08:00","2016","09","18","08:00","‡","13.8","","11.7","","87","","9","","19","","32.2","","101.64","","","","","","NA"
"2016-09-18 09:00","2016","09","18","09:00","‡","15.2","","12.4","","83","","10","","15","","32.2","","101.67","","","","","","NA"
"2016-09-18 10:00","2016","09","18","10:00","‡","16.8","","11.6","","71","","9","","19","","32.2","","101.68","","","","","","Mainly Clear"
"2016-09-18 11:00","2016","09","18","11:00","‡","17.9","","10.6","","62","","12","","13","","32.2","","101.69","","","","","","NA"
"2016-09-18 12:00","2016","09","18","12:00","‡","18.3","","9.7","","57","","12","","11","","32.2","","101.68","","","","","","NA"
"2016-09-18 13:00","2016","09","18","13:00","‡","19.1","","10.2","","56","","12","","13","","32.2","","101.66","","","","","","Mainly Clear"
"2016-09-18 14:00","2016","09","18","14:00","‡","19.7","","11.1","","57","","13","","16","","32.2","","101.63","","","","","","NA"
"2016-09-18 15:00","2016","09","18","15:00","‡","19.0","","10.4","","57","","16","","23","","32.2","","101.59","","","","","","NA"
"2016-09-18 16:00","2016","09","18","16:00","‡","18.9","","10.0","","56","","16","","18","","32.2","","101.57","","","","","","Mostly Cloudy"
"2016-09-18 17:00","2016","09","18","17:00","‡","16.8","","10.9","","68","","17","","26","","32.2","","101.61","","","","","","NA"
"2016-09-18 18:00","2016","09","18","18:00","‡","16.3","","8.4","","59","","16","","11","","32.2","","101.57","","","","","","NA"
"2016-09-18 19:00","2016","09","18","19:00","‡","15.3","","10.5","","73","","15","","9","","24.1","","101.59","","","","","","Mostly Cloudy"
"2016-09-18 20:00","2016","09","18","20:00","‡","15.0","","11.4","","79","","11","","11","","24.1","","101.63","","","","","","NA"
"2016-09-18 21:00","2016","09","18","21:00","‡","14.7","","11.5","","81","","11","","10","","24.1","","101.61","","","","","","Rain Showers"
"2016-09-18 22:00","2016","09","18","22:00","‡","14.1","","11.6","","85","","6","","9","","16.1","","101.61","","","","","","Moderate Rain Showers"
"2016-09-18 23:00","2016","09","18","23:00","‡","13.4","","11.6","","89","","5","","13","","16.1","","101.59","","","","","","Rain"
"2016-09-19 00:00","2016","09","19","00:00","‡","12.6","","11.4","","92","","4","","5","","16.1","","101.58","","","","","","Moderate Rain"
"2016-09-19 01:00","2016","09","19","01:00","‡","12.7","","11.1","","90","","9","","15","","16.1","","101.58","","","","","","Cloudy"
"2016-09-19 02:00","2016","09","19","02:00","‡","12.7","","11.5","","92","","7","","18","","16.1","","101.56","","","","","","Rain Showers"
"2016-09-19 03:00","2016","09","19","03:00","‡","12.7","","11.9","","95","","8","","16","","24.1","","101.50","","","","","","Rain Showers"
"2016-09-19 04:00","2016","09","19","04:00","‡","13.0","","12.1","","94","","8","","14","","16.1","","101.51","","","","","","Cloudy"
"2016-09-19 05:00","2016","09","19","05:00","‡","13.1","","12.2","","94","","9","","8","","16.1","","101.51","","","","","","NA"
"2016-09-19 06:00","2016","09","19","06:00","‡","13.3","","12.2","","93","","7","","6","","12.9","","101.49","","","","","","Rain Showers"
"2016-09-19 07:00","2016","09","19","07:00","‡","13.1","","12.2","","94","","15","","17","","12.9","","101.50","","","","","","Rain Showers"
"2016-09-19 08:00","2016","09","19","08:00","‡","12.5","","11.4","","93","","21","","21","","8.1","","101.55","","","","","","Moderate Rain Showers,Fog"
"2016-09-19 09:00","2016","09","19","09:00","‡","13.0","","11.6","","91","","16","","12","","12.9","","101.56","","","","","","Rain Showers"
"2016-09-19 10:00","2016","09","19","10:00","‡","14.2","","11.7","","85","","14","","11","","24.1","","101.66","","","","","","Mostly Cloudy"
"2016-09-19 11:00","2016","09","19","11:00","‡","14.9","","11.9","","82","","9","","10","","24.1","","101.70","","","","","","NA"
"2016-09-19 12:00","2016","09","19","12:00","‡","16.5","","10.4","","67","","10","","7","","24.1","","101.71","","","","","","NA"
"2016-09-19 13:00","2016","09","19","13:00","‡","17.2","","10.2","","63","","20","","17","","32.2","","101.73","","","","","","Mainly Clear"
"2016-09-19 14:00","2016","09","19","14:00","‡","15.8","","11.0","","73","","21","","23","","32.2","","101.74","","","","","","Rain Showers"
"2016-09-19 15:00","2016","09","19","15:00","‡","15.1","","9.5","","69","","24","","11","","32.2","","101.78","","","","","","Rain Showers"
"2016-09-19 16:00","2016","09","19","16:00","‡","15.9","","10.5","","70","","25","","4","","32.2","","101.79","","","","","","Mostly Cloudy"
"2016-09-19 17:00","2016","09","19","17:00","‡","15.3","","9.5","","68","","18","","3","","32.2","","101.80","","","","","","NA"
"2016-09-19 18:00","2016","09","19","18:00","‡","14.9","","9.7","","71","","13","","10","","32.2","","101.86","","","","","","NA"
"2016-09-19 19:00","2016","09","19","19:00","‡","14.1","","10.2","","77","","8","","19","","32.2","","101.91","","","","","","Mostly Cloudy"
"2016-09-19 20:00","2016","09","19","20:00","‡","12.9","","10.6","","86","","10","","18","","24.1","","101.97","","","","","","NA"
"2016-09-19 21:00","2016","09","19","21:00","‡","12.8","","10.7","","87","","9","","14","","32.2","","102.00","","","","","","NA"
"2016-09-19 22:00","2016","09","19","22:00","‡","12.2","","10.6","","90","","9","","17","","32.2","","102.03","","","","","","Mostly Cloudy"
"2016-09-19 23:00","2016","09","19","23:00","‡","12.5","","10.8","","89","","9","","16","","24.1","","102.06","","","","","","NA"
"2016-09-20 00:00","2016","09","20","00:00","‡","12.4","","11.0","","91","","8","","14","","24.1","","102.06","","","","","","NA"
"2016-09-20 01:00","2016","09","20","01:00","‡","12.4","","11.0","","91","","9","","10","","24.1","","102.07","","","","","","Cloudy"
"2016-09-20 02:00","2016","09","20","02:00","‡","12.4","","10.8","","90","","10","","10","","24.1","","102.08","","","","","","NA"
"2016-09-20 03:00","2016","09","20","03:00","‡","12.1","","11.2","","94","","9","","7","","16.1","","102.08","","","","","","Rain Showers"
"2016-09-20 04:00","2016","09","20","04:00","‡","11.3","","10.5","","95","","11","","8","","24.1","","102.07","","","","","","Mostly Cloudy"
"2016-09-20 05:00","2016","09","20","05:00","‡","11.4","","10.6","","95","","11","","5","","24.1","","102.09","","","","","","NA"
"2016-09-20 06:00","2016","09","20","06:00","‡","11.6","","10.7","","94","","7","","8","","48.3","","102.13","","","","","","NA"
"2016-09-20 07:00","2016","09","20","07:00","‡","11.5","","11.1","","97","","36","","1","","48.3","","102.15","","","","","","Mostly Cloudy"
"2016-09-20 08:00","2016","09","20","08:00","‡","13.4","","11.5","","88","","35","","7","","48.3","","102.14","","","","","","NA"
"2016-09-20 09:00","2016","09","20","09:00","‡","15.2","","11.2","","77","","30","","12","","48.3","","102.13","","","","","","NA"
"2016-09-20 10:00","2016","09","20","10:00","‡","15.7","","10.5","","71","","30","","16","","48.3","","102.11","","","","","","Mainly Clear"
"2016-09-20 11:00","2016","09","20","11:00","‡","16.1","","10.7","","70","","30","","18","","48.3","","102.08","","","","","","NA"
"2016-09-20 12:00","2016","09","20","12:00","‡","15.7","","11.5","","76","","27","","23","","48.3","","102.07","","","","","","NA"
"2016-09-20 13:00","2016","09","20","13:00","‡","15.8","","12.2","","79","","28","","29","","48.3","","102.04","","","","","","Mainly Clear"
"2016-09-20 14:00","2016","09","20","14:00","‡","16.4","","13.2","","81","","29","","28","","48.3","","101.99","","","","","","NA"
"2016-09-20 15:00","2016","09","20","15:00","‡","16.3","","12.3","","77","","29","","28","","48.3","","101.94","","","","","","NA"
"2016-09-20 16:00","2016","09","20","16:00","‡","16.1","","11.7","","75","","29","","30","","48.3","","101.89","","","","","","Mainly Clear"
"2016-09-20 17:00","2016","09","20","17:00","‡","15.5","","11.5","","77","","29","","30","","48.3","","101.88","","","","","","NA"
"2016-09-20 18:00","2016","09","20","18:00","‡","14.9","","11.5","","80","","30","","25","","48.3","","101.87","","","","","","NA"
"2016-09-20 19:00","2016","09","20","19:00","‡","14.5","","11.9","","84","","31","","22","","48.3","","101.86","","","","","","Mainly Clear"
"2016-09-20 20:00","2016","09","20","20:00","‡","14.0","","12.2","","89","","30","","16","","32.2","","101.89","","","","","","NA"
"2016-09-20 21:00","2016","09","20","21:00","‡","13.0","","11.1","","88","","34","","5","","32.2","","101.91","","","","","","NA"
"2016-09-20 22:00","2016","09","20","22:00","‡","13.2","","10.0","","81","","36","","5","","32.2","","101.91","","","","","","Mainly Clear"
"2016-09-20 23:00","2016","09","20","23:00","‡","12.1","","10.2","","88","","36","","1","","32.2","","101.94","","","","","","NA"
"2016-09-21 00:00","2016","09","21","00:00","‡","9.8","","9.2","","96","","35","","6","","32.2","","101.94","","","","","","NA"
"2016-09-21 01:00","2016","09","21","01:00","‡","9.8","","8.7","","93","","33","","7","","32.2","","101.93","","","","","","Mostly Cloudy"
"2016-09-21 02:00","2016","09","21","02:00","‡","11.4","","10.0","","91","","30","","18","","32.2","","101.93","","","","","","NA"
"2016-09-21 03:00","2016","09","21","03:00","‡","10.8","","9.1","","89","","32","","14","","32.2","","101.95","","","","","","NA"
"2016-09-21 04:00","2016","09","21","04:00","‡","10.5","","8.1","","85","","30","","7","","32.2","","101.95","","","","","","Mainly Clear"
"2016-09-21 05:00","2016","09","21","05:00","‡","11.0","","8.9","","87","","31","","18","","32.2","","101.93","","","","","","NA"
"2016-09-21 06:00","2016","09","21","06:00","‡","11.9","","10.3","","90","","30","","21","","48.3","","101.92","","","","","","NA"
"2016-09-21 07:00","2016","09","21","07:00","‡","12.9","","11.5","","91","","30","","20","","48.3","","101.93","","","","","","Clear"
"2016-09-21 08:00","2016","09","21","08:00","‡","13.9","","11.6","","86","","30","","23","","48.3","","101.90","","","","","","NA"
"2016-09-21 09:00","2016","09","21","09:00","‡","14.4","","12.1","","86","","30","","27","","48.3","","101.90","","","","","","NA"
"2016-09-21 10:00","2016","09","21","10:00","‡","15.1","","12.1","","82","","29","","30","","48.3","","101.88","","","","","","Clear"
"2016-09-21 11:00","2016","09","21","11:00","‡","15.6","","12.0","","79","","29","","32","","48.3","","101.85","","","","","","NA"
"2016-09-21 12:00","2016","09","21","12:00","‡","16.1","","13.1","","82","","29","","27","","48.3","","101.79","","","","","","NA"
"2016-09-21 13:00","2016","09","21","13:00","‡","16.3","","12.7","","79","","29","","28","","48.3","","101.72","","","","","","Clear"
"2016-09-21 14:00","2016","09","21","14:00","‡","16.4","","12.6","","78","","29","","26","","48.3","","101.64","","","","","","NA"
"2016-09-21 15:00","2016","09","21","15:00","‡","17.0","","12.4","","74","","31","","20","","48.3","","101.58","","","","","","NA"
"2016-09-21 16:00","2016","09","21","16:00","‡","16.7","","12.3","","75","","31","","19","","48.3","","101.51","","","","","","Mainly Clear"
"2016-09-21 17:00","2016","09","21","17:00","‡","16.0","","12.2","","78","","31","","18","","48.3","","101.44","","","","","","NA"
"2016-09-21 18:00","2016","09","21","18:00","‡","14.8","","12.0","","83","","31","","21","","48.3","","101.37","","","","","","NA"
"2016-09-21 19:00","2016","09","21","19:00","‡","14.3","","11.7","","84","","31","","20","","32.2","","101.36","","","","","","Clear"
"2016-09-21 20:00","2016","09","21","20:00","‡","13.2","","11.6","","90","","32","","11","","32.2","","101.35","","","","","","NA"
"2016-09-21 21:00","2016","09","21","21:00","‡","13.2","","10.6","","84","","36","","1","","32.2","","101.39","","","","","","NA"
"2016-09-21 22:00","2016","09","21","22:00","‡","12.2","","10.0","","86","","35","","5","","32.2","","101.37","","","","","","Mostly Cloudy"
"2016-09-21 23:00","2016","09","21","23:00","‡","11.3","","9.6","","89","","36","","2","","32.2","","101.35","","","","","","NA"
"2016-09-22 00:00","2016","09","22","00:00","‡","10.9","","9.3","","90","","33","","3","","32.2","","101.36","","","","","","NA"
"2016-09-22 01:00","2016","09","22","01:00","‡","10.9","","9.2","","89","","36","","7","","32.2","","101.39","","","","","","Clear"
"2016-09-22 02:00","2016","09","22","02:00","‡","11.4","","9.5","","88","","36","","2","","32.2","","101.39","","","","","","NA"
"2016-09-22 03:00","2016","09","22","03:00","‡","10.0","","8.5","","90","","3","","6","","32.2","","101.41","","","","","","NA"
"2016-09-22 04:00","2016","09","22","04:00","‡","10.6","","7.9","","83","","13","","5","","32.2","","101.43","","","","","","Clear"
"2016-09-22 05:00","2016","09","22","05:00","‡","8.5","","7.4","","93","","9","","14","","32.2","","101.45","","","","","","NA"
"2016-09-22 06:00","2016","09","22","06:00","‡","9.6","","8.1","","90","","8","","8","","48.3","","101.49","","","","","","NA"
"2016-09-22 07:00","2016","09","22","07:00","‡","10.3","","8.4","","88","","7","","5","","48.3","","101.53","","","","","","Clear"
"2016-09-22 08:00","2016","09","22","08:00","‡","13.3","","10.0","","80","","10","","10","","48.3","","101.58","","","","","","NA"
"2016-09-22 09:00","2016","09","22","09:00","‡","14.6","","10.3","","75","","14","","8","","48.3","","101.62","","","","","","NA"
"2016-09-22 10:00","2016","09","22","10:00","‡","16.6","","11.0","","69","","14","","10","","48.3","","101.61","","","","","","Clear"
"2016-09-22 11:00","2016","09","22","11:00","‡","17.3","","9.3","","59","","11","","12","","48.3","","101.59","","","","","","NA"
"2016-09-22 12:00","2016","09","22","12:00","‡","16.0","","12.2","","78","","22","","18","","48.3","","101.59","","","","","","NA"
"2016-09-22 13:00","2016","09","22","13:00","‡","16.2","","11.8","","75","","24","","12","","48.3","","101.60","","","","","","Clear"
"2016-09-22 14:00","2016","09","22","14:00","‡","17.4","","12.4","","72","","22","","17","","48.3","","101.57","","","","","","NA"
"2016-09-22 15:00","2016","09","22","15:00","‡","19.2","","10.8","","58","","18","","11","","48.3","","101.57","","","","","","NA"
"2016-09-22 16:00","2016","09","22","16:00","‡","18.9","","8.9","","52","","16","","12","","48.3","","101.53","","","","","","Clear"
"2016-09-22 17:00","2016","09","22","17:00","‡","17.6","","10.8","","64","","13","","23","","48.3","","101.50","","","","","","NA"
"2016-09-22 18:00","2016","09","22","18:00","‡","15.7","","9.7","","67","","11","","16","","32.2","","101.54","","","","","","NA"
"2016-09-22 19:00","2016","09","22","19:00","‡","14.8","","9.7","","71","","8","","18","","32.2","","101.50","","","","","","Mainly Clear"
"2016-09-22 20:00","2016","09","22","20:00","‡","14.5","","9.2","","70","","11","","14","","32.2","","101.54","","","","","","NA"
"2016-09-22 21:00","2016","09","22","21:00","‡","13.2","","9.1","","76","","10","","21","","32.2","","101.51","","","","","","NA"
"2016-09-22 22:00","2016","09","22","22:00","‡","13.9","","9.0","","72","","11","","27","","32.2","","101.49","","","","","","Cloudy"
"2016-09-22 23:00","2016","09","22","23:00","‡","13.3","","9.2","","76","","10","","23","","32.2","","101.54","","","","","","NA"
"2016-09-23 00:00","2016","09","23","00:00","‡","12.9","","9.4","","79","","9","","23","","32.2","","101.61","","","","","","NA"
"2016-09-23 01:00","2016","09","23","01:00","‡","13.0","","9.3","","78","","10","","21","","32.2","","101.63","","","","","","Cloudy"
"2016-09-23 02:00","2016","09","23","02:00","‡","12.7","","9.6","","81","","9","","10","","32.2","","101.67","","","","","","NA"
"2016-09-23 03:00","2016","09","23","03:00","‡","12.8","","9.8","","82","","10","","16","","32.2","","101.63","","","","","","NA"
"2016-09-23 04:00","2016","09","23","04:00","‡","12.4","","10.5","","88","","10","","14","","24.1","","101.58","","","","","","Rain"
"2016-09-23 05:00","2016","09","23","05:00","‡","12.1","","11.0","","93","","10","","11","","19.3","","101.56","","","","","","Rain"
"2016-09-23 06:00","2016","09","23","06:00","‡","11.8","","10.9","","94","","10","","21","","9.7","","101.52","","","","","","Rain,Fog"
"2016-09-23 07:00","2016","09","23","07:00","‡","11.9","","11.0","","94","","9","","18","","8.1","","101.49","","","","","","Rain,Fog"
"2016-09-23 08:00","2016","09","23","08:00","‡","12.4","","10.7","","89","","7","","21","","24.1","","101.42","","","","","","Rain"
"2016-09-23 09:00","2016","09","23","09:00","‡","12.2","","10.0","","86","","6","","25","","24.1","","101.40","","","","","","Rain"
"2016-09-23 10:00","2016","09","23","10:00","‡","11.8","","9.7","","87","","7","","23","","16.1","","101.42","","","","","","Rain"
"2016-09-23 11:00","2016","09","23","11:00","‡","11.8","","10.2","","90","","8","","17","","12.9","","101.44","","","","","","Rain"
"2016-09-23 12:00","2016","09","23","12:00","‡","11.5","","10.3","","92","","6","","22","","19.3","","101.45","","","","","","Drizzle"
"2016-09-23 13:00","2016","09","23","13:00","‡","11.9","","10.3","","90","","8","","24","","16.1","","101.45","","","","","","Drizzle"
"2016-09-23 14:00","2016","09","23","14:00","‡","11.9","","10.7","","92","","6","","18","","16.1","","101.49","","","","","","Rain,Drizzle"
"2016-09-23 15:00","2016","09","23","15:00","‡","12.2","","11.1","","93","","6","","13","","16.1","","101.56","","","","","","Drizzle"
"2016-09-23 16:00","2016","09","23","16:00","‡","12.3","","11.2","","93","","7","","19","","16.1","","101.60","","","","","","Rain Showers"
"2016-09-23 17:00","2016","09","23","17:00","‡","12.7","","11.1","","90","","6","","13","","19.3","","101.65","","","","","","NA"
"2016-09-23 18:00","2016","09","23","18:00","‡","12.8","","11.2","","90","","5","","9","","24.1","","101.73","","","","","","NA"
"2016-09-23 19:00","2016","09","23","19:00","‡","12.7","","11.3","","91","","35","","4","","12.9","","101.82","","","","","","Drizzle"
"2016-09-23 20:00","2016","09","23","20:00","‡","12.0","","11.2","","95","","31","","12","","24.1","","101.94","","","","","","NA"
"2016-09-23 21:00","2016","09","23","21:00","‡","12.1","","11.3","","95","","29","","16","","24.1","","102.04","","","","","","NA"
"2016-09-23 22:00","2016","09","23","22:00","‡","12.3","","11.2","","93","","28","","24","","24.1","","102.07","","","","","","Mostly Cloudy"
"2016-09-23 23:00","2016","09","23","23:00","‡","12.3","","11.2","","93","","28","","26","","24.1","","102.14","","","","","","NA"
"2016-09-24 00:00","2016","09","24","00:00","‡","12.2","","11.1","","93","","29","","27","","24.1","","102.24","","","","","","NA"
"2016-09-24 01:00","2016","09","24","01:00","‡","11.5","","10.3","","92","","30","","13","","24.1","","102.32","","","","","","Mostly Cloudy"
"2016-09-24 02:00","2016","09","24","02:00","‡","11.6","","10.2","","91","","30","","16","","24.1","","102.35","","","","","","NA"
"2016-09-24 03:00","2016","09","24","03:00","‡","10.3","","9.2","","93","","29","","10","","24.1","","102.42","","","","","","NA"
"2016-09-24 04:00","2016","09","24","04:00","‡","9.9","","9.3","","96","","33","","6","","24.1","","102.46","","","","","","Mostly Cloudy"
"2016-09-24 05:00","2016","09","24","05:00","‡","10.1","","9.7","","97","","3","","8","","24.1","","102.53","","","","","","NA"
"2016-09-24 06:00","2016","09","24","06:00","‡","10.3","","9.9","","97","","36","","1","","24.1","","102.61","","","","","","NA"
"2016-09-24 07:00","2016","09","24","07:00","‡","11.6","","10.4","","92","","7","","4","","24.1","","102.68","","","","","","Mostly Cloudy"
"2016-09-24 08:00","2016","09","24","08:00","‡","11.9","","10.8","","93","","8","","12","","24.1","","102.70","","","","","","NA"
"2016-09-24 09:00","2016","09","24","09:00","‡","12.6","","11.0","","90","","13","","7","","24.1","","102.85","","","","","","NA"
"2016-09-24 10:00","2016","09","24","10:00","‡","13.3","","11.0","","86","","22","","9","","24.1","","102.90","","","","","","Cloudy"
"2016-09-24 11:00","2016","09","24","11:00","‡","14.4","","11.2","","81","","22","","9","","24.1","","102.89","","","","","","NA"
"2016-09-24 12:00","2016","09","24","12:00","‡","14.9","","9.7","","71","","10","","8","","24.1","","102.84","","","","","","NA"
"2016-09-24 13:00","2016","09","24","13:00","‡","15.8","","9.8","","67","","17","","9","","32.2","","102.83","","","","","","Cloudy"
"2016-09-24 14:00","2016","09","24","14:00","‡","16.6","","10.1","","65","","14","","12","","48.3","","102.74","","","","","","NA"
"2016-09-24 15:00","2016","09","24","15:00","‡","16.6","","8.4","","58","","10","","5","","48.3","","102.77","","","","","","NA"
"2016-09-24 16:00","2016","09","24","16:00","‡","15.3","","11.3","","77","","31","","4","","32.2","","102.70","","","","","","Cloudy"
"2016-09-24 17:00","2016","09","24","17:00","‡","15.2","","11.4","","78","","32","","3","","32.2","","102.70","","","","","","NA"
"2016-09-24 18:00","2016","09","24","18:00","‡","14.3","","11.3","","82","","32","","4","","32.2","","102.69","","","","","","NA"
"2016-09-24 19:00","2016","09","24","19:00","‡","14.4","","12.1","","86","","36","","7","","24.1","","102.78","","","","","","Rain"
"2016-09-24 20:00","2016","09","24","20:00","‡","13.9","","12.1","","89","","35","","6","","24.1","","102.83","","","","","","Rain"
"2016-09-24 21:00","2016","09","24","21:00","‡","14.0","","11.7","","86","","4","","11","","24.1","","102.83","","","","","","NA"
"2016-09-24 22:00","2016","09","24","22:00","‡","13.5","","11.2","","86","","29","","3","","24.1","","102.92","","","","","","Rain"
"2016-09-24 23:00","2016","09","24","23:00","‡","13.6","","11.0","","84","","5","","16","","24.1","","102.89","","","","","","Rain"
"2016-09-25 00:00","2016","09","25","00:00","‡","13.4","","10.2","","81","","6","","9","","24.1","","102.92","","","","","","NA"
"2016-09-25 01:00","2016","09","25","01:00","‡","13.1","","10.1","","82","","5","","15","","24.1","","102.89","","","","","","Cloudy"
"2016-09-25 02:00","2016","09","25","02:00","‡","13.1","","9.8","","80","","6","","16","","24.1","","102.86","","","","","","NA"
"2016-09-25 03:00","2016","09","25","03:00","‡","13.1","","9.6","","79","","4","","14","","24.1","","102.84","","","","","","NA"
"2016-09-25 04:00","2016","09","25","04:00","‡","13.3","","9.4","","77","","6","","11","","24.1","","102.87","","","","","","Cloudy"
"2016-09-25 05:00","2016","09","25","05:00","‡","13.0","","9.9","","81","","7","","13","","24.1","","102.87","","","","","","NA"
"2016-09-25 06:00","2016","09","25","06:00","‡","13.1","","9.9","","81","","6","","7","","24.1","","102.91","","","","","","NA"
"2016-09-25 07:00","2016","09","25","07:00","‡","13.6","","10.1","","79","","5","","8","","24.1","","102.92","","","","","","Cloudy"
"2016-09-25 08:00","2016","09","25","08:00","‡","13.9","","10.4","","79","","5","","16","","24.1","","102.96","","","","","","NA"
"2016-09-25 09:00","2016","09","25","09:00","‡","14.6","","10.9","","78","","8","","14","","24.1","","102.99","","","","","","NA"
"2016-09-25 10:00","2016","09","25","10:00","‡","15.3","","10.9","","75","","5","","14","","32.2","","103.00","","","","","","Cloudy"
"2016-09-25 11:00","2016","09","25","11:00","‡","16.0","","11.2","","73","","7","","10","","32.2","","103.01","","","","","","NA"
"2016-09-25 12:00","2016","09","25","12:00","‡","17.2","","11.5","","69","","9","","9","","40.2","","102.98","","","","","","NA"
"2016-09-25 13:00","2016","09","25","13:00","‡","18.3","","10.0","","58","","9","","9","","40.2","","102.95","","","","","","Mostly Cloudy"
"2016-09-25 14:00","2016","09","25","14:00","‡","19.3","","10.9","","58","","7","","10","","40.2","","102.90","","","","","","NA"
"2016-09-25 15:00","2016","09","25","15:00","‡","19.1","","11.7","","62","","27","","4","","40.2","","102.84","","","","","","NA"
"2016-09-25 16:00","2016","09","25","16:00","‡","19.3","","11.7","","61","","1","","7","","48.3","","102.77","","","","","","Mostly Cloudy"
"2016-09-25 17:00","2016","09","25","17:00","‡","16.9","","13.3","","79","","32","","11","","48.3","","102.68","","","","","","NA"
"2016-09-25 18:00","2016","09","25","18:00","‡","14.5","","12.2","","86","","31","","9","","48.3","","102.64","","","","","","NA"
"2016-09-25 19:00","2016","09","25","19:00","‡","13.5","","11.6","","88","","33","","5","","48.3","","102.62","","","","","","Mostly Cloudy"
"2016-09-25 20:00","2016","09","25","20:00","‡","14.1","","11.5","","84","","34","","5","","32.2","","102.58","","","","","","NA"
"2016-09-25 21:00","2016","09","25","21:00","‡","12.5","","11.6","","94","","31","","13","","32.2","","102.55","","","","","","NA"
"2016-09-25 22:00","2016","09","25","22:00","‡","13.6","","11.5","","87","","28","","7","","32.2","","102.51","","","","","","Mostly Cloudy"
"2016-09-25 23:00","2016","09","25","23:00","‡","10.0","","9.1","","94","","32","","3","","32.2","","102.44","","","","","","NA"
"2016-09-26 00:00","2016","09","26","00:00","‡","12.3","","11.7","","96","","29","","17","","32.2","","102.44","","","","","","NA"
"2016-09-26 01:00","2016","09","26","01:00","‡","12.9","","12.1","","95","","30","","12","","32.2","","102.35","","","","","","Mainly Clear"
"2016-09-26 02:00","2016","09","26","02:00","‡","13.0","","12.1","","94","","30","","14","","32.2","","102.26","","","","","","NA"
"2016-09-26 03:00","2016","09","26","03:00","‡","10.9","","10.3","","96","","35","","8","","32.2","","102.18","","","","","","NA"
"2016-09-26 04:00","2016","09","26","04:00","‡","12.2","","11.6","","96","","5","","7","","32.2","","102.14","","","","","","Mainly Clear"
"2016-09-26 05:00","2016","09","26","05:00","‡","11.2","","10.6","","96","","33","","7","","32.2","","102.08","","","","","","NA"
"2016-09-26 06:00","2016","09","26","06:00","‡","11.1","","10.3","","95","","32","","12","","32.2","","102.07","","","","","","NA"
"2016-09-26 07:00","2016","09","26","07:00","‡","13.6","","13.1","","97","","30","","7","","48.3","","102.02","","","","","","Mostly Cloudy"
"2016-09-26 08:00","2016","09","26","08:00","‡","15.2","","13.3","","88","","31","","13","","48.3","","101.96","","","","","","NA"
"2016-09-26 09:00","2016","09","26","09:00","‡","15.4","","13.1","","86","","22","","8","","48.3","","101.92","","","","","","NA"
"2016-09-26 10:00","2016","09","26","10:00","‡","16.2","","13.0","","81","","24","","7","","48.3","","101.89","","","","","","Mostly Cloudy"
"2016-09-26 11:00","2016","09","26","11:00","‡","16.1","","14.1","","88","","30","","18","","48.3","","101.85","","","","","","NA"
"2016-09-26 12:00","2016","09","26","12:00","‡","15.8","","13.1","","84","","30","","18","","48.3","","101.80","","","","","","NA"
"2016-09-26 13:00","2016","09","26","13:00","‡","16.2","","13.4","","83","","28","","8","","48.3","","101.72","","","","","","Mostly Cloudy"
"2016-09-26 14:00","2016","09","26","14:00","‡","16.1","","13.4","","84","","28","","11","","48.3","","101.65","","","","","","NA"
"2016-09-26 15:00","2016","09","26","15:00","‡","15.6","","12.9","","84","","32","","6","","48.3","","101.60","","","","","","NA"
"2016-09-26 16:00","2016","09","26","16:00","‡","14.7","","13.6","","93","","28","","9","","48.3","","101.60","","","","","","Mostly Cloudy"
"2016-09-26 17:00","2016","09","26","17:00","‡","14.9","","13.5","","91","","32","","3","","48.3","","101.54","","","","","","NA"
"2016-09-26 18:00","2016","09","26","18:00","‡","15.4","","13.5","","88","","22","","4","","48.3","","101.54","","","","","","NA"
"2016-09-26 19:00","2016","09","26","19:00","‡","14.7","","13.6","","93","","27","","7","","32.2","","101.59","","","","","","Mostly Cloudy"
"2016-09-26 20:00","2016","09","26","20:00","‡","14.3","","13.4","","94","","16","","4","","32.2","","101.60","","","","","","NA"
"2016-09-26 21:00","2016","09","26","21:00","‡","14.8","","13.7","","93","","23","","5","","32.2","","101.67","","","","","","NA"
"2016-09-26 22:00","2016","09","26","22:00","‡","13.4","","12.8","","96","","30","","7","","32.2","","101.71","","","","","","Cloudy"
"2016-09-26 23:00","2016","09","26","23:00","‡","13.5","","13.2","","98","","29","","3","","32.2","","101.73","","","","","","NA"
"2016-09-27 00:00","2016","09","27","00:00","‡","13.8","","13.3","","97","","30","","27","","24.1","","101.81","","","","","","NA"
"2016-09-27 01:00","2016","09","27","01:00","‡","13.7","","12.1","","90","","28","","40","","24.1","","101.81","","","","","","Mainly Clear"
"2016-09-27 02:00","2016","09","27","02:00","‡","13.2","","10.2","","82","","29","","35","","24.1","","101.89","","","","","","NA"
"2016-09-27 03:00","2016","09","27","03:00","‡","13.1","","10.1","","82","","28","","43","","32.2","","101.91","","","","","","NA"
"2016-09-27 04:00","2016","09","27","04:00","‡","12.8","","9.5","","80","","28","","43","","32.2","","101.96","","","","","","Mainly Clear"
"2016-09-27 05:00","2016","09","27","05:00","‡","12.7","","9.6","","81","","28","","46","","32.2","","102.00","","","","","","NA"
"2016-09-27 06:00","2016","09","27","06:00","‡","12.3","","9.5","","83","","30","","32","","48.3","","102.04","","","","","","NA"
"2016-09-27 07:00","2016","09","27","07:00","‡","12.5","","9.5","","82","","29","","38","","48.3","","102.12","","","","","","Mainly Clear"
"2016-09-27 08:00","2016","09","27","08:00","‡","13.2","","9.9","","80","","30","","37","","48.3","","102.20","","","","","","NA"
"2016-09-27 09:00","2016","09","27","09:00","‡","14.0","","10.5","","79","","29","","38","","32.2","","102.23","","","","","","NA"
"2016-09-27 10:00","2016","09","27","10:00","‡","14.3","","10.9","","80","","30","","28","","32.2","","102.29","","","","","","Mostly Cloudy"
"2016-09-27 11:00","2016","09","27","11:00","‡","14.7","","11.0","","78","","29","","32","","32.2","","102.29","","","","","","NA"
"2016-09-27 12:00","2016","09","27","12:00","‡","15.8","","11.8","","77","","29","","22","","48.3","","102.28","","","","","","NA"
"2016-09-27 13:00","2016","09","27","13:00","‡","15.4","","10.8","","74","","30","","23","","48.3","","102.27","","","","","","Mainly Clear"
"2016-09-27 14:00","2016","09","27","14:00","‡","15.6","","11.4","","76","","29","","28","","48.3","","102.21","","","","","","NA"
"2016-09-27 15:00","2016","09","27","15:00","‡","15.4","","11.2","","76","","29","","26","","48.3","","102.17","","","","","","NA"
"2016-09-27 16:00","2016","09","27","16:00","‡","14.7","","11.0","","78","","30","","24","","48.3","","102.15","","","","","","Mostly Cloudy"
"2016-09-27 17:00","2016","09","27","17:00","‡","14.5","","11.3","","81","","30","","18","","48.3","","102.10","","","","","","NA"
"2016-09-27 18:00","2016","09","27","18:00","‡","13.3","","11.2","","87","","30","","21","","48.3","","102.05","","","","","","NA"
"2016-09-27 19:00","2016","09","27","19:00","‡","13.1","","11.2","","88","","30","","19","","48.3","","102.05","","","","","","Mainly Clear"
"2016-09-27 20:00","2016","09","27","20:00","‡","13.3","","10.9","","85","","30","","23","","48.3","","102.06","","","","","","NA"
"2016-09-27 21:00","2016","09","27","21:00","‡","13.2","","11.1","","87","","30","","24","","48.3","","102.02","","","","","","NA"
"2016-09-27 22:00","2016","09","27","22:00","‡","13.0","","11.3","","89","","30","","26","","48.3","","102.03","","","","","","Mostly Cloudy"
"2016-09-27 23:00","2016","09","27","23:00","‡","12.8","","11.1","","89","","30","","23","","48.3","","102.02","","","","","","NA"
"2016-09-28 00:00","2016","09","28","00:00","‡","12.7","","10.8","","88","","30","","30","","48.3","","102.01","","","","","","NA"
"2016-09-28 01:00","2016","09","28","01:00","‡","12.4","","10.7","","89","","30","","29","","48.3","","102.00","","","","","","Cloudy"
"2016-09-28 02:00","2016","09","28","02:00","‡","12.2","","10.6","","90","","30","","30","","48.3","","102.01","","","","","","NA"
"2016-09-28 03:00","2016","09","28","03:00","‡","11.8","","10.2","","90","","30","","29","","48.3","","101.98","","","","","","NA"
"2016-09-28 04:00","2016","09","28","04:00","‡","11.5","","10.4","","93","","30","","28","","48.3","","101.94","","","","","","Mostly Cloudy"
"2016-09-28 05:00","2016","09","28","05:00","‡","11.3","","10.1","","92","","29","","29","","48.3","","101.95","","","","","","NA"
"2016-09-28 06:00","2016","09","28","06:00","‡","11.1","","10.0","","93","","30","","30","","48.3","","101.98","","","","","","NA"
"2016-09-28 07:00","2016","09","28","07:00","‡","11.5","","10.3","","92","","30","","28","","40.2","","101.97","","","","","","Mainly Clear"
"2016-09-28 08:00","2016","09","28","08:00","‡","12.2","","10.5","","89","","31","","27","","48.3","","101.99","","","","","","NA"
"2016-09-28 09:00","2016","09","28","09:00","‡","12.4","","10.3","","87","","30","","32","","48.3","","102.01","","","","","","NA"
"2016-09-28 10:00","2016","09","28","10:00","‡","13.1","","10.5","","84","","30","","32","","48.3","","102.00","","","","","","Mainly Clear"
"2016-09-28 11:00","2016","09","28","11:00","‡","13.7","","10.9","","83","","30","","27","","48.3","","101.96","","","","","","NA"
"2016-09-28 12:00","2016","09","28","12:00","‡","14.2","","11.0","","81","","29","","27","","48.3","","101.90","","","","","","NA"
"2016-09-28 13:00","2016","09","28","13:00","‡","14.4","","11.2","","81","","30","","26","","48.3","","101.85","","","","","","Clear"
"2016-09-28 14:00","2016","09","28","14:00","‡","14.5","","11.3","","81","","30","","21","","48.3","","101.80","","","","","","NA"
"2016-09-28 15:00","2016","09","28","15:00","‡","14.6","","11.8","","83","","29","","19","","48.3","","101.76","","","","","","NA"
"2016-09-28 16:00","2016","09","28","16:00","‡","14.1","","11.5","","84","","29","","16","","48.3","","101.71","","","","","","Mainly Clear"
"2016-09-28 17:00","2016","09","28","17:00","‡","13.4","","11.1","","86","","28","","10","","48.3","","101.69","","","","","","NA"
"2016-09-28 18:00","2016","09","28","18:00","‡","11.8","","10.2","","90","","30","","3","","48.3","","101.66","","","","","","NA"
"2016-09-28 19:00","2016","09","28","19:00","‡","11.7","","9.8","","88","","36","","3","","48.3","","101.67","","","","","","Clear"
"2016-09-28 20:00","2016","09","28","20:00","‡","11.3","","10.2","","93","","36","","1","","48.3","","101.67","","","","","","NA"
"2016-09-28 21:00","2016","09","28","21:00","‡","10.8","","9.9","","94","","28","","7","","48.3","","101.68","","","","","","NA"
"2016-09-28 22:00","2016","09","28","22:00","‡","8.9","","8.5","","97","","28","","5","","48.3","","101.71","","","","","","Clear"
"2016-09-28 23:00","2016","09","28","23:00","‡","8.6","","8.3","","98","","31","","7","","48.3","","101.70","","","","","","NA"
"2016-09-29 00:00","2016","09","29","00:00","‡","7.9","","7.6","","98","","1","","5","","48.3","","101.69","","","","","","NA"
"2016-09-29 01:00","2016","09","29","01:00","‡","8.5","","8.2","","98","","34","","8","","48.3","","101.71","","","","","","Clear"
"2016-09-29 02:00","2016","09","29","02:00","‡","8.8","","8.4","","97","","33","","9","","48.3","","101.73","","","","","","NA"
"2016-09-29 03:00","2016","09","29","03:00","‡","10.3","","9.5","","95","","31","","15","","48.3","","101.73","","","","","","NA"
"2016-09-29 04:00","2016","09","29","04:00","‡","9.2","","8.6","","96","","34","","5","","48.3","","101.71","","","","","","Clear"
"2016-09-29 05:00","2016","09","29","05:00","‡","7.8","","7.2","","96","","35","","7","","48.3","","101.74","","","","","","NA"
"2016-09-29 06:00","2016","09","29","06:00","‡","7.8","","7.4","","97","","36","","5","","48.3","","101.76","","","","","","NA"
"2016-09-29 07:00","2016","09","29","07:00","‡","8.6","","7.7","","94","","32","","5","","48.3","","101.79","","","","","","Cloudy"
"2016-09-29 08:00","2016","09","29","08:00","‡","10.5","","9.4","","93","","31","","6","","48.3","","101.82","","","","","","NA"
"2016-09-29 09:00","2016","09","29","09:00","‡","11.7","","10.1","","90","","30","","16","","48.3","","101.83","","","","","","NA"
"2016-09-29 10:00","2016","09","29","10:00","‡","13.1","","10.3","","83","","29","","21","","48.3","","101.84","","","","","","Mainly Clear"
"2016-09-29 11:00","2016","09","29","11:00","‡","13.6","","10.3","","80","","30","","19","","48.3","","101.83","","","","","","NA"
"2016-09-29 12:00","2016","09","29","12:00","‡","14.5","","10.4","","76","","29","","17","","48.3","","101.81","","","","","","NA"
"2016-09-29 13:00","2016","09","29","13:00","‡","14.7","","10.8","","77","","29","","17","","48.3","","101.78","","","","","","Mainly Clear"
"2016-09-29 14:00","2016","09","29","14:00","‡","14.2","","10.7","","79","","29","","18","","48.3","","101.74","","","","","","NA"
"2016-09-29 15:00","2016","09","29","15:00","‡","13.1","","10.3","","83","","29","","14","","48.3","","101.71","","","","","","NA"
"2016-09-29 16:00","2016","09","29","16:00","‡","13.1","","9.6","","79","","26","","10","","48.3","","101.72","","","","","","Cloudy"
"2016-09-29 17:00","2016","09","29","17:00","‡","12.1","","8.8","","80","","26","","8","","48.3","","101.70","","","","","","NA"
"2016-09-29 18:00","2016","09","29","18:00","‡","12.2","","8.7","","79","","36","","1","","48.3","","101.71","","","","","","NA"
"2016-09-29 19:00","2016","09","29","19:00","‡","12.1","","8.6","","79","","16","","5","","48.3","","101.73","","","","","","Mostly Cloudy"
"2016-09-29 20:00","2016","09","29","20:00","‡","11.1","","7.4","","78","","11","","5","","48.3","","101.72","","","","","","NA"
"2016-09-29 21:00","2016","09","29","21:00","‡","9.6","","7.7","","88","","9","","9","","48.3","","101.72","","","","","","NA"
"2016-09-29 22:00","2016","09","29","22:00","‡","9.8","","7.6","","86","","9","","7","","48.3","","101.70","","","","","","Mostly Cloudy"
"2016-09-29 23:00","2016","09","29","23:00","‡","8.4","","6.7","","89","","8","","8","","48.3","","101.71","","","","","","NA"
"2016-09-30 00:00","2016","09","30","00:00","‡","8.9","","7.2","","89","","6","","9","","48.3","","101.71","","","","","","NA"
"2016-09-30 01:00","2016","09","30","01:00","‡","7.8","","6.6","","92","","9","","5","","48.3","","101.69","","","","","","Mainly Clear"
"2016-09-30 02:00","2016","09","30","02:00","‡","6.1","","5.2","","94","","9","","8","","48.3","","101.71","","","","","","NA"
"2016-09-30 03:00","2016","09","30","03:00","‡","7.3","","6.4","","94","","9","","7","","48.3","","101.71","","","","","","NA"
"2016-09-30 04:00","2016","09","30","04:00","‡","7.2","","6.5","","95","","10","","4","","48.3","","101.70","","","","","","Mainly Clear"
"2016-09-30 05:00","2016","09","30","05:00","‡","6.5","","6.1","","97","","7","","5","","48.3","","101.71","","","","","","NA"
"2016-09-30 06:00","2016","09","30","06:00","‡","7.5","","6.6","","94","","9","","7","","48.3","","101.72","","","","","","NA"
"2016-09-30 07:00","2016","09","30","07:00","‡","9.4","","8.7","","95","","11","","10","","12.9","","101.72","","","","","","Cloudy"
"2016-09-30 08:00","2016","09","30","08:00","‡","10.3","","9.2","","93","","16","","7","","12.9","","101.72","","","","","","NA"
"2016-09-30 09:00","2016","09","30","09:00","‡","11.3","","9.4","","88","","15","","7","","12.9","","101.71","","","","","","NA"
"2016-09-30 10:00","2016","09","30","10:00","‡","12.5","","10.6","","88","","23","","9","","12.9","","101.68","","","","","","Mostly Cloudy"
"2016-09-30 11:00","2016","09","30","11:00","‡","13.0","","10.2","","83","","24","","11","","16.1","","101.64","","","","","","NA"
"2016-09-30 12:00","2016","09","30","12:00","‡","12.8","","10.0","","83","","24","","12","","24.1","","101.59","","","","","","NA"
"2016-09-30 13:00","2016","09","30","13:00","‡","13.0","","10.6","","85","","27","","11","","24.1","","101.52","","","","","","Mainly Clear"
"2016-09-30 14:00","2016","09","30","14:00","‡","13.7","","10.4","","80","","23","","11","","24.1","","101.46","","","","","","NA"
"2016-09-30 15:00","2016","09","30","15:00","‡","14.2","","10.5","","78","","28","","11","","48.3","","101.42","","","","","","NA"
"2016-09-30 16:00","2016","09","30","16:00","‡","14.2","","9.9","","75","","28","","6","","24.1","","101.38","","","","","","Mainly Clear"
"2016-09-30 17:00","2016","09","30","17:00","‡","12.9","","9.6","","80","","30","","5","","24.1","","101.35","","","","","","NA"
"2016-09-30 18:00","2016","09","30","18:00","‡","11.8","","9.4","","85","","23","","11","","32.2","","101.34","","","","","","NA"
"2016-09-30 19:00","2016","09","30","19:00","‡","9.6","","8.1","","90","","2","","3","","32.2","","101.32","","","","","","Mainly Clear"
"2016-09-30 20:00","2016","09","30","20:00","‡","10.0","","7.4","","84","","10","","10","","32.2","","101.31","","","","","","NA"
"2016-09-30 21:00","2016","09","30","21:00","‡","9.8","","8.1","","89","","9","","10","","32.2","","101.33","","","","","","NA"
"2016-09-30 22:00","2016","09","30","22:00","‡","11.3","","9.6","","89","","8","","12","","32.2","","101.34","","","","","","Mostly Cloudy"
"2016-09-30 23:00","2016","09","30","23:00","‡","11.7","","8.8","","82","","8","","11","","32.2","","101.34","","","","","","NA"
